date,channel,spend,impressions,clicks,sessions,conversions,revenue
2025-01-01,Meta Ads,727.42,39119,659,617,8,320.05
2025-01-01,Google Ads,660.23,24714,681,634,24,1284.15
2025-01-01,Email,55.79,13714,799,754,50,2085.56
2025-01-01,Organic Search,0.0,3155,221,215,8,431.21
2025-01-01,Affiliate,171.5,8672,155,139,4,197.33
2025-01-02,Meta Ads,738.77,44249,784,711,11,517.08
2025-01-02,Google Ads,740.32,21883,755,691,26,1370.71
2025-01-02,Email,61.52,15169,1048,999,66,3090.48
2025-01-02,Organic Search,0.0,1779,94,86,3,181.8
2025-01-02,Affiliate,99.86,5054,110,100,2,144.13
2025-01-03,Meta Ads,622.08,33854,491,462,8,375.35
2025-01-03,Google Ads,706.9,22371,573,533,20,976.85
2025-01-03,Email,39.69,7887,368,349,22,1059.3
2025-01-03,Organic Search,0.0,2614,199,192,7,376.1
2025-01-03,Affiliate,143.59,5091,83,76,2,98.56
2025-01-04,Meta Ads,701.12,33686,524,480,8,343.8
2025-01-04,Google Ads,643.62,20815,556,505,16,843.95
2025-01-04,Email,44.13,8882,658,642,44,1838.25
2025-01-04,Organic Search,0.0,2044,99,98,4,174.14
2025-01-04,Affiliate,203.89,9498,167,156,4,186.07
2025-01-05,Meta Ads,720.94,41487,608,567,9,385.29
2025-01-05,Google Ads,667.6,22650,715,651,26,1116.39
2025-01-05,Email,47.32,12020,750,713,49,2127.66
2025-01-05,Organic Search,0.0,3417,219,214,9,524.35
2025-01-05,Affiliate,340.26,18291,431,386,11,455.51
2025-01-06,Meta Ads,662.62,35634,362,342,6,258.89
2025-01-06,Google Ads,567.15,16619,638,587,21,1242.64
2025-01-06,Email,56.56,10668,773,729,43,1807.36
2025-01-06,Organic Search,0.0,2241,175,171,6,326.78
2025-01-06,Affiliate,201.17,9113,171,162,4,207.02
2025-01-07,Meta Ads,589.7,38240,655,615,11,466.51
2025-01-07,Google Ads,672.87,21391,865,818,32,1628.93
2025-01-07,Email,73.43,14759,1078,1019,76,3753.24
2025-01-07,Organic Search,0.0,1806,94,90,3,144.5
2025-01-07,Affiliate,215.38,11724,263,228,6,361.99
2025-01-08,Meta Ads,708.15,41464,455,418,6,252.33
2025-01-08,Google Ads,579.75,21827,857,816,29,1356.82
2025-01-08,Email,51.07,11188,725,716,45,1924.84
2025-01-08,Organic Search,0.0,1549,104,100,3,175.38
2025-01-08,Affiliate,192.55,10460,250,236,6,227.28
2025-01-09,Meta Ads,646.84,29338,319,301,5,167.36
2025-01-09,Google Ads,636.99,22467,951,896,31,1359.97
2025-01-09,Email,53.87,13434,787,744,42,1734.98
2025-01-09,Organic Search,0.0,3133,154,142,5,273.68
2025-01-09,Affiliate,275.08,11335,194,183,5,236.31
2025-01-10,Meta Ads,687.96,32547,330,292,5,213.73
2025-01-10,Google Ads,687.72,24873,817,754,27,1322.04
2025-01-10,Email,46.34,8502,428,404,31,1530.3
2025-01-10,Organic Search,0.0,2332,109,103,4,185.4
2025-01-10,Affiliate,245.51,8848,255,219,7,342.19
2025-01-11,Meta Ads,600.06,36628,594,553,9,398.38
2025-01-11,Google Ads,629.84,21522,907,845,30,1474.17
2025-01-11,Email,58.55,11194,664,634,47,1883.48
2025-01-11,Organic Search,0.0,2232,129,122,4,207.24
2025-01-11,Affiliate,251.5,13411,297,263,7,440.49
2025-01-12,Meta Ads,739.51,45175,644,599,9,453.95
2025-01-12,Google Ads,555.74,20194,852,775,30,1599.71
2025-01-12,Email,76.85,14352,1048,984,57,2421.22
2025-01-12,Organic Search,0.0,2687,205,200,7,350.21
2025-01-12,Affiliate,113.09,4173,101,87,2,144.16
2025-01-13,Meta Ads,493.78,27381,441,416,8,296.38
2025-01-13,Google Ads,602.71,17741,485,439,16,860.28
2025-01-13,Email,48.15,11252,618,609,40,1812.27
2025-01-13,Organic Search,0.0,2228,128,119,5,260.01
2025-01-13,Affiliate,121.78,5195,134,122,2,134.73
2025-01-14,Meta Ads,775.99,40760,729,683,13,590.41
2025-01-14,Google Ads,836.21,29806,817,769,26,1307.34
2025-01-14,Email,70.71,17398,937,897,54,2449.33
2025-01-14,Organic Search,0.0,3336,254,236,7,357.41
2025-01-14,Affiliate,154.05,7970,132,125,3,142.17
2025-01-15,Meta Ads,768.41,48364,494,445,7,332.77
2025-01-15,Google Ads,1001.9,27858,1062,958,46,2430.16
2025-01-15,Email,31.08,7588,395,388,23,1094.01
2025-01-15,Organic Search,0.0,3355,254,246,11,533.68
2025-01-15,Affiliate,254.45,12111,336,291,5,237.85
2025-01-16,Meta Ads,667.78,39531,705,655,12,461.35
2025-01-16,Google Ads,687.98,26562,1041,949,32,1487.08
2025-01-16,Email,42.16,9136,626,606,40,1830.14
2025-01-16,Organic Search,0.0,3392,193,185,8,384.21
2025-01-16,Affiliate,241.3,9161,207,184,6,400.43
2025-01-17,Meta Ads,706.24,35708,444,406,7,314.37
2025-01-17,Google Ads,675.11,22214,652,613,20,925.99
2025-01-17,Email,51.48,11219,580,560,37,1607.41
2025-01-17,Organic Search,0.0,2795,198,187,7,382.52
2025-01-17,Affiliate,117.19,5569,113,102,3,164.09
2025-01-18,Meta Ads,752.27,41429,586,553,10,398.95
2025-01-18,Google Ads,703.25,26796,699,643,24,1127.74
2025-01-18,Email,66.23,15855,720,705,39,1901.85
2025-01-18,Organic Search,0.0,1807,124,115,3,153.0
2025-01-18,Affiliate,313.12,15794,310,285,5,249.05
2025-01-19,Meta Ads,708.95,32054,374,344,6,258.98
2025-01-19,Google Ads,721.83,28778,1039,996,40,1892.69
2025-01-19,Email,71.85,15188,719,702,46,2275.51
2025-01-19,Organic Search,0.0,1801,94,92,4,161.11
2025-01-19,Affiliate,215.06,9635,229,206,4,173.11
2025-01-20,Meta Ads,625.64,36131,548,512,8,383.17
2025-01-20,Google Ads,569.32,19626,623,598,22,1125.48
2025-01-20,Email,79.42,17503,1265,1221,71,2891.81
2025-01-20,Organic Search,0.0,2497,165,153,6,303.05
2025-01-20,Affiliate,182.81,7047,141,123,3,137.47
2025-01-21,Meta Ads,749.36,38330,566,499,9,350.65
2025-01-21,Google Ads,665.19,26462,989,923,32,1638.95
2025-01-21,Email,26.08,6704,458,450,31,1561.18
2025-01-21,Organic Search,0.0,2380,159,154,7,307.3
2025-01-21,Affiliate,193.7,9621,252,223,4,164.59
2025-01-22,Meta Ads,661.88,36266,648,594,8,372.45
2025-01-22,Google Ads,603.8,17520,632,604,22,1190.65
2025-01-22,Email,60.38,12668,588,551,36,1454.4
2025-01-22,Organic Search,0.0,3047,242,235,10,496.72
2025-01-22,Affiliate,146.23,6936,193,164,4,199.19
2025-01-23,Meta Ads,742.4,39367,675,630,9,319.77
2025-01-23,Google Ads,778.87,29784,922,868,30,1433.13
2025-01-23,Email,52.72,10280,488,464,26,1200.1
2025-01-23,Organic Search,0.0,3497,198,188,7,378.71
2025-01-23,Affiliate,84.81,3634,104,93,2,140.17
2025-01-24,Meta Ads,600.66,29456,298,273,4,232.0
2025-01-24,Google Ads,624.1,24658,987,925,32,1557.21
2025-01-24,Email,34.53,7114,514,494,24,1137.28
2025-01-24,Organic Search,0.0,2806,159,149,6,322.01
2025-01-24,Affiliate,311.04,14379,386,358,11,561.25
2025-01-25,Meta Ads,812.66,47533,785,747,12,505.09
2025-01-25,Google Ads,713.26,20843,793,766,28,1338.28
2025-01-25,Email,66.42,17056,820,764,39,1606.02
2025-01-25,Organic Search,0.0,2410,158,149,6,255.98
2025-01-25,Affiliate,176.87,6404,163,142,4,191.02
2025-01-26,Meta Ads,758.27,34147,372,353,6,257.11
2025-01-26,Google Ads,552.73,17685,594,567,18,898.29
2025-01-26,Email,68.54,13666,811,788,58,2607.47
2025-01-26,Organic Search,0.0,3360,157,150,6,304.16
2025-01-26,Affiliate,210.18,7937,228,194,6,308.98
2025-01-27,Meta Ads,554.21,31813,379,351,5,190.2
2025-01-27,Google Ads,657.92,25159,940,857,30,1315.35
2025-01-27,Email,55.14,13977,819,791,59,2842.23
2025-01-27,Organic Search,0.0,3126,180,176,7,393.23
2025-01-27,Affiliate,214.95,8888,143,122,2,106.46
2025-01-28,Meta Ads,649.94,38673,605,568,11,499.58
2025-01-28,Google Ads,758.05,22371,623,591,22,1072.95
2025-01-28,Email,39.37,7098,322,319,22,990.33
2025-01-28,Organic Search,0.0,3294,264,253,9,432.74
2025-01-28,Affiliate,138.96,6516,126,115,2,97.87
2025-01-29,Meta Ads,789.61,39185,665,599,9,361.05
2025-01-29,Google Ads,677.57,24481,967,909,32,1365.99
2025-01-29,Email,51.17,11317,513,502,33,1419.01
2025-01-29,Organic Search,0.0,1688,136,128,5,260.92
2025-01-29,Affiliate,117.33,4525,81,76,2,85.75
2025-01-30,Meta Ads,509.5,30401,517,471,8,384.99
2025-01-30,Google Ads,436.17,16310,593,538,18,839.34
2025-01-30,Email,44.27,8321,425,414,26,1298.58
2025-01-30,Organic Search,0.0,2254,166,163,6,329.65
2025-01-30,Affiliate,354.84,16542,349,318,8,350.59
2025-01-31,Meta Ads,781.77,41077,540,481,8,385.46
2025-01-31,Google Ads,495.04,19533,583,529,19,927.29
2025-01-31,Email,46.68,9156,463,445,27,1200.62
2025-01-31,Organic Search,0.0,1590,102,100,4,163.82
2025-01-31,Affiliate,72.28,2894,56,52,1,67.26
2025-02-01,Meta Ads,785.29,50766,894,792,14,678.61
2025-02-01,Google Ads,615.49,17950,752,709,24,1131.38
2025-02-01,Email,55.46,10694,754,728,43,1979.52
2025-02-01,Organic Search,0.0,2242,137,133,5,289.53
2025-02-01,Affiliate,145.78,5454,155,133,3,145.77
2025-02-02,Meta Ads,632.34,33685,458,412,8,376.9
2025-02-02,Google Ads,764.9,26289,787,722,25,1117.22
2025-02-02,Email,56.43,13666,827,793,50,2297.45
2025-02-02,Organic Search,0.0,2369,119,110,4,245.42
2025-02-02,Affiliate,270.61,10356,241,210,5,293.48
2025-02-03,Meta Ads,777.94,49272,619,575,11,497.23
2025-02-03,Google Ads,621.54,18799,841,805,20,806.59
2025-02-03,Email,60.42,15326,846,789,57,2460.98
2025-02-03,Organic Search,0.0,2745,205,200,9,453.15
2025-02-03,Affiliate,124.87,5966,89,85,2,92.26
2025-02-04,Meta Ads,783.19,37264,418,389,7,312.47
2025-02-04,Google Ads,570.02,20927,716,677,21,1092.86
2025-02-04,Email,60.56,12561,632,613,41,1893.52
2025-02-04,Organic Search,0.0,2399,193,188,8,374.59
2025-02-04,Affiliate,153.45,6298,184,163,5,250.12
2025-02-05,Meta Ads,731.74,43462,611,582,11,468.42
2025-02-05,Google Ads,591.66,19464,657,597,22,1147.81
2025-02-05,Email,50.5,11768,536,509,37,1594.86
2025-02-05,Organic Search,0.0,3221,176,170,7,323.85
2025-02-05,Affiliate,161.47,6567,164,155,4,227.17
2025-02-06,Meta Ads,510.28,32688,486,437,7,355.69
2025-02-06,Google Ads,745.01,24433,945,852,29,1423.39
2025-02-06,Email,66.83,14403,1052,1032,61,2872.46
2025-02-06,Organic Search,0.0,2479,174,164,6,278.03
2025-02-06,Affiliate,209.84,10883,322,298,8,367.79
2025-02-07,Meta Ads,920.06,49802,593,553,10,432.4
2025-02-07,Google Ads,685.58,22569,663,634,25,1129.82
2025-02-07,Email,54.28,11229,773,758,48,2125.69
2025-02-07,Organic Search,0.0,1731,104,103,3,186.84
2025-02-07,Affiliate,252.55,11968,347,329,9,423.87
2025-02-08,Meta Ads,738.93,37251,636,593,8,314.25
2025-02-08,Google Ads,702.26,23232,837,782,30,1483.66
2025-02-08,Email,47.13,12250,741,693,47,2211.51
2025-02-08,Organic Search,0.0,2136,135,128,5,274.81
2025-02-08,Affiliate,119.65,6071,166,155,5,268.67
2025-02-09,Meta Ads,833.87,50888,708,674,11,507.04
2025-02-09,Google Ads,740.69,22104,788,713,26,1292.01
2025-02-09,Email,46.0,11131,512,496,37,1641.8
2025-02-09,Organic Search,0.0,1793,142,139,5,246.72
2025-02-09,Affiliate,255.99,10979,286,250,7,314.14
2025-02-10,Meta Ads,700.34,38024,492,441,7,305.88
2025-02-10,Google Ads,705.21,20473,584,532,21,1028.34
2025-02-10,Email,66.55,12709,821,785,51,2270.44
2025-02-10,Organic Search,0.0,3451,275,257,9,427.22
2025-02-10,Affiliate,166.0,8249,193,175,7,394.44
2025-02-11,Meta Ads,662.94,30488,451,414,7,272.96
2025-02-11,Google Ads,643.21,24390,883,819,30,1536.76
2025-02-11,Email,39.15,8814,575,537,34,1391.84
2025-02-11,Organic Search,0.0,3289,233,217,8,469.13
2025-02-11,Affiliate,235.41,12644,200,175,6,249.13
2025-02-12,Meta Ads,616.61,30387,327,294,4,212.66
2025-02-12,Google Ads,641.81,24596,772,714,24,1432.08
2025-02-12,Email,58.57,13403,685,674,40,1475.72
2025-02-12,Organic Search,0.0,1714,85,81,3,156.49
2025-02-12,Affiliate,177.56,9125,208,198,4,224.4
2025-02-13,Meta Ads,765.58,48976,715,676,11,416.35
2025-02-13,Google Ads,555.27,18837,836,775,28,1275.07
2025-02-13,Email,55.32,11378,577,541,39,1611.87
2025-02-13,Organic Search,0.0,2217,136,129,5,242.33
2025-02-13,Affiliate,80.58,3451,68,61,2,88.15
2025-02-14,Meta Ads,727.18,40785,512,465,8,396.95
2025-02-14,Google Ads,611.42,22425,735,672,23,1124.97
2025-02-14,Email,53.61,13196,961,928,63,3093.62
2025-02-14,Organic Search,0.0,3391,205,202,8,369.07
2025-02-14,Affiliate,147.01,7146,167,142,4,155.13
2025-02-15,Meta Ads,518.73,28174,282,266,3,165.98
2025-02-15,Google Ads,810.28,28182,856,780,27,1026.16
2025-02-15,Email,58.09,14943,1104,1083,62,2586.26
2025-02-15,Organic Search,0.0,3256,195,181,8,394.56
2025-02-15,Affiliate,166.19,9081,218,195,2,118.32
2025-02-16,Meta Ads,593.8,36159,603,545,10,500.81
2025-02-16,Google Ads,633.76,21703,743,705,24,1086.6
2025-02-16,Email,54.73,12561,580,555,37,1455.74
2025-02-16,Organic Search,0.0,1779,93,88,3,164.72
2025-02-16,Affiliate,194.86,9972,295,253,7,485.81
2025-02-17,Meta Ads,680.76,36475,490,433,7,269.32
2025-02-17,Google Ads,834.79,23778,930,856,30,1442.94
2025-02-17,Email,61.75,15251,740,690,52,2398.89
2025-02-17,Organic Search,0.0,2569,209,201,8,367.08
2025-02-17,Affiliate,230.4,12527,246,214,6,244.56
2025-02-18,Meta Ads,819.58,51097,800,757,14,631.74
2025-02-18,Google Ads,521.58,15398,630,591,21,1078.6
2025-02-18,Email,72.68,17181,1022,978,62,2426.83
2025-02-18,Organic Search,0.0,2283,110,102,4,188.39
2025-02-18,Affiliate,143.04,6758,104,90,1,95.15
2025-02-19,Meta Ads,754.24,41720,729,699,13,563.96
2025-02-19,Google Ads,633.67,18224,526,495,18,942.18
2025-02-19,Email,54.89,10767,743,718,39,1909.06
2025-02-19,Organic Search,0.0,2195,106,99,4,229.18
2025-02-19,Affiliate,181.54,9152,211,183,6,296.26
2025-02-20,Meta Ads,617.97,33182,392,368,6,285.13
2025-02-20,Google Ads,575.68,16860,589,551,19,912.71
2025-02-20,Email,19.53,4275,253,242,16,648.35
2025-02-20,Organic Search,0.0,1955,137,127,6,340.2
2025-02-20,Affiliate,163.14,7261,115,107,2,126.1
2025-02-21,Meta Ads,832.05,48057,809,753,15,687.21
2025-02-21,Google Ads,727.04,28737,931,866,34,1642.04
2025-02-21,Email,39.56,8576,441,430,28,1338.21
2025-02-21,Organic Search,0.0,2753,206,202,8,455.68
2025-02-21,Affiliate,99.86,3803,68,60,1,84.57
2025-02-22,Meta Ads,729.69,43171,492,447,6,284.24
2025-02-22,Google Ads,664.3,21058,580,544,18,834.3
2025-02-22,Email,41.75,10128,683,668,38,1637.94
2025-02-22,Organic Search,0.0,1981,117,109,4,216.87
2025-02-22,Affiliate,64.1,3207,63,55,1,75.89
2025-02-23,Meta Ads,780.6,40892,486,457,7,345.37
2025-02-23,Google Ads,624.79,23995,1079,1017,36,1707.79
2025-02-23,Email,49.91,10823,513,477,24,1143.79
2025-02-23,Organic Search,0.0,2314,156,150,5,303.23
2025-02-23,Affiliate,127.23,6471,179,170,6,263.2
2025-02-24,Meta Ads,775.59,41132,499,463,7,273.77
2025-02-24,Google Ads,585.74,18483,524,479,16,739.31
2025-02-24,Email,50.61,12488,817,769,53,2487.31
2025-02-24,Organic Search,0.0,2029,165,153,5,246.78
2025-02-24,Affiliate,128.29,5198,153,134,4,150.76
2025-02-25,Meta Ads,702.26,42497,687,625,9,334.76
2025-02-25,Google Ads,652.35,22737,1020,921,36,1737.56
2025-02-25,Email,61.6,11527,655,638,32,1523.88
2025-02-25,Organic Search,0.0,1890,116,110,4,182.38
2025-02-25,Affiliate,139.87,7645,161,144,4,229.21
2025-02-26,Meta Ads,603.92,36290,391,358,5,212.59
2025-02-26,Google Ads,758.65,23877,977,941,33,1639.0
2025-02-26,Email,51.97,10413,510,503,34,1812.67
2025-02-26,Organic Search,0.0,3193,194,179,7,367.54
2025-02-26,Affiliate,221.9,8702,250,234,3,207.81
2025-02-27,Meta Ads,733.76,45748,569,529,9,391.85
2025-02-27,Google Ads,672.65,26409,1044,972,35,1662.96
2025-02-27,Email,37.35,9173,619,586,40,1596.69
2025-02-27,Organic Search,0.0,2505,163,156,6,280.16
2025-02-27,Affiliate,152.14,6075,158,145,3,138.66
2025-02-28,Meta Ads,734.96,47193,744,709,15,590.53
2025-02-28,Google Ads,641.79,21620,967,876,32,1558.94
2025-02-28,Email,58.38,14188,801,792,52,2365.06
2025-02-28,Organic Search,0.0,3040,177,171,7,320.46
2025-02-28,Affiliate,164.57,6484,166,150,5,212.1
2025-03-01,Meta Ads,757.62,47201,483,440,8,335.53
2025-03-01,Google Ads,342.2,13140,524,504,11,566.65
2025-03-01,Email,49.41,9865,512,477,27,1181.56
2025-03-01,Organic Search,0.0,2771,207,198,9,434.71
2025-03-01,Affiliate,194.29,7583,214,199,3,162.36
2025-03-02,Meta Ads,689.81,44456,765,730,11,527.99
2025-03-02,Google Ads,360.93,10495,287,260,8,446.06
2025-03-02,Email,56.17,13828,862,842,82,3605.11
2025-03-02,Organic Search,0.0,2776,182,177,7,351.89
2025-03-02,Affiliate,104.74,4021,108,94,2,133.26
2025-03-03,Meta Ads,745.59,38475,595,565,9,395.27
2025-03-03,Google Ads,428.66,13116,508,490,11,536.12
2025-03-03,Email,68.19,15298,973,941,55,2447.68
2025-03-03,Organic Search,0.0,2887,207,201,7,317.52
2025-03-03,Affiliate,172.06,6320,115,103,4,184.26
2025-03-04,Meta Ads,706.48,38468,538,500,8,328.01
2025-03-04,Google Ads,484.85,17078,678,614,16,582.48
2025-03-04,Email,43.2,9481,559,553,30,1376.9
2025-03-04,Organic Search,0.0,1933,94,86,3,167.65
2025-03-04,Affiliate,78.13,2784,65,56,1,60.52
2025-03-05,Meta Ads,696.43,35883,543,495,8,297.43
2025-03-05,Google Ads,506.16,17210,690,662,13,513.44
2025-03-05,Email,58.29,11659,616,594,41,1920.88
2025-03-05,Organic Search,0.0,2553,180,176,7,405.12
2025-03-05,Affiliate,215.45,11129,217,194,6,276.68
2025-03-06,Meta Ads,679.62,41435,503,456,8,366.15
2025-03-06,Google Ads,475.04,16930,561,534,12,565.88
2025-03-06,Email,55.13,10756,758,725,38,1688.83
2025-03-06,Organic Search,0.0,2607,119,112,4,208.45
2025-03-06,Affiliate,163.54,5936,93,85,2,118.76
2025-03-07,Meta Ads,735.4,42014,569,521,10,483.18
2025-03-07,Google Ads,491.19,13818,394,380,9,468.88
2025-03-07,Email,65.46,15239,1017,982,57,2218.09
2025-03-07,Organic Search,0.0,2100,134,127,4,220.86
2025-03-07,Affiliate,258.22,12711,194,173,5,196.65
2025-03-08,Meta Ads,717.97,43947,689,612,9,360.19
2025-03-08,Google Ads,295.52,8425,248,231,6,291.55
2025-03-08,Email,42.09,10693,545,538,34,1584.49
2025-03-08,Organic Search,0.0,3403,154,150,6,288.65
2025-03-08,Affiliate,137.08,6306,101,95,3,86.49
2025-03-09,Meta Ads,644.56,36376,408,383,5,266.51
2025-03-09,Google Ads,314.28,10581,372,343,8,359.98
2025-03-09,Email,65.39,12685,654,626,37,1795.38
2025-03-09,Organic Search,0.0,1930,153,145,5,234.54
2025-03-09,Affiliate,135.91,7275,137,126,2,92.19
2025-03-10,Meta Ads,537.74,31449,399,354,7,317.81
2025-03-10,Google Ads,487.63,15614,654,612,14,744.05
2025-03-10,Email,40.57,9414,456,448,27,1185.02
2025-03-10,Organic Search,0.0,1805,130,120,5,236.95
2025-03-10,Affiliate,156.32,6766,154,135,3,213.46
2025-03-11,Meta Ads,579.37,33618,365,321,6,288.46
2025-03-11,Google Ads,481.65,18169,591,554,13,614.79
2025-03-11,Email,57.38,11911,686,642,43,1975.01
2025-03-11,Organic Search,0.0,1544,106,103,4,213.58
2025-03-11,Affiliate,174.97,9375,278,237,5,279.49
2025-03-12,Meta Ads,722.67,37380,669,589,8,413.59
2025-03-12,Google Ads,518.05,17488,779,727,19,1064.13
2025-03-12,Email,56.91,12539,598,571,38,1708.71
2025-03-12,Organic Search,0.0,3442,190,182,6,267.72
2025-03-12,Affiliate,211.08,10999,229,207,7,300.72
2025-03-13,Meta Ads,759.35,34642,455,407,6,305.34
2025-03-13,Google Ads,388.5,12106,388,359,11,506.9
2025-03-13,Email,38.45,9543,593,559,36,1491.09
2025-03-13,Organic Search,0.0,1577,102,94,5,240.76
2025-03-13,Affiliate,212.07,11396,274,252,5,207.02
2025-03-14,Meta Ads,855.01,41260,583,538,9,416.45
2025-03-14,Google Ads,465.41,18212,551,498,10,416.85
2025-03-14,Email,51.86,9471,505,476,30,1362.11
2025-03-14,Organic Search,0.0,2178,126,117,5,211.31
2025-03-14,Affiliate,188.71,10344,299,269,6,285.03
2025-03-15,Meta Ads,742.1,44745,749,713,13,569.19
2025-03-15,Google Ads,530.78,16826,733,664,20,1009.64
2025-03-15,Email,34.43,8004,368,359,22,1073.51
2025-03-15,Organic Search,0.0,3213,157,147,6,308.66
2025-03-15,Affiliate,230.12,9274,193,172,4,223.49
2025-03-16,Meta Ads,719.36,38499,485,447,6,294.12
2025-03-16,Google Ads,465.76,13889,445,418,11,612.22
2025-03-16,Email,56.18,14469,991,979,58,2533.77
2025-03-16,Organic Search,0.0,2552,132,129,6,277.31
2025-03-16,Affiliate,161.73,6033,141,130,3,125.94
2025-03-17,Meta Ads,784.29,36352,512,461,8,332.05
2025-03-17,Google Ads,381.95,14795,424,392,9,478.54
2025-03-17,Email,46.07,8869,426,422,28,1386.07
2025-03-17,Organic Search,0.0,2464,201,186,9,389.86
2025-03-17,Affiliate,139.39,5755,117,104,2,104.66
2025-03-18,Meta Ads,730.15,36555,571,506,9,376.56
2025-03-18,Google Ads,637.69,22871,614,594,12,598.88
2025-03-18,Email,53.54,11008,617,593,41,1696.79
2025-03-18,Organic Search,0.0,2237,123,116,4,183.07
2025-03-18,Affiliate,180.77,7730,156,140,3,174.05
2025-03-19,Meta Ads,754.43,48528,687,655,11,524.94
2025-03-19,Google Ads,433.26,15762,705,657,20,904.51
2025-03-19,Email,55.17,13246,797,776,43,1928.7
2025-03-19,Organic Search,0.0,2724,204,200,7,353.96
2025-03-19,Affiliate,188.3,7404,206,189,5,221.64
2025-03-20,Meta Ads,584.18,34510,401,356,6,253.08
2025-03-20,Google Ads,395.8,12470,554,526,11,610.33
2025-03-20,Email,60.91,11155,745,695,44,2136.53
2025-03-20,Organic Search,0.0,3397,255,243,7,396.78
2025-03-20,Affiliate,114.97,5223,112,102,3,96.44
2025-03-21,Meta Ads,629.37,33163,379,344,6,286.47
2025-03-21,Google Ads,450.86,15309,664,599,13,702.37
2025-03-21,Email,65.9,13247,987,931,71,3010.47
2025-03-21,Organic Search,0.0,2495,170,161,7,352.37
2025-03-21,Affiliate,205.22,10013,280,248,8,290.45
2025-03-22,Meta Ads,740.2,34332,543,490,9,435.98
2025-03-22,Google Ads,673.8,25622,686,618,15,665.78
2025-03-22,Email,21.85,4890,282,276,21,932.37
2025-03-22,Organic Search,0.0,3478,177,173,7,385.14
2025-03-22,Affiliate,183.08,8843,223,195,5,343.54
2025-03-23,Meta Ads,675.66,36651,462,418,7,232.5
2025-03-23,Google Ads,509.34,19591,725,659,19,837.51
2025-03-23,Email,36.37,6984,316,294,19,1010.35
2025-03-23,Organic Search,0.0,1589,119,110,5,238.85
2025-03-23,Affiliate,66.99,2359,56,53,1,59.35
2025-03-24,Meta Ads,835.18,46858,692,652,11,475.44
2025-03-24,Google Ads,373.19,11556,417,384,11,639.96
2025-03-24,Email,73.84,19048,1095,1054,84,4094.5
2025-03-24,Organic Search,0.0,1973,130,120,5,226.59
2025-03-24,Affiliate,166.89,8395,138,129,2,98.56
2025-03-25,Meta Ads,637.09,36717,589,557,10,373.44
2025-03-25,Google Ads,426.64,15515,684,644,18,974.08
2025-03-25,Email,54.46,14149,704,664,44,1835.07
2025-03-25,Organic Search,0.0,2643,124,117,4,224.39
2025-03-25,Affiliate,155.47,7680,189,175,4,146.04
2025-03-26,Meta Ads,726.17,40337,685,640,9,472.01
2025-03-26,Google Ads,331.78,12212,507,477,11,512.98
2025-03-26,Email,62.39,15544,1036,996,74,3161.13
2025-03-26,Organic Search,0.0,1786,94,89,3,162.43
2025-03-26,Affiliate,280.21,10400,208,194,5,241.47
2025-03-27,Meta Ads,613.78,28980,430,412,7,333.84
2025-03-27,Google Ads,457.62,17666,626,587,16,869.59
2025-03-27,Email,86.24,15757,1031,1018,71,3019.1
2025-03-27,Organic Search,0.0,1606,132,130,5,244.75
2025-03-27,Affiliate,234.78,10188,171,147,3,118.49
2025-03-28,Meta Ads,686.09,33984,489,438,7,335.4
2025-03-28,Google Ads,520.96,18501,800,728,19,1007.73
2025-03-28,Email,44.11,10167,646,626,43,1880.35
2025-03-28,Organic Search,0.0,3416,233,227,9,434.85
2025-03-28,Affiliate,173.71,7842,169,149,4,208.65
2025-03-29,Meta Ads,636.84,32729,404,373,8,332.52
2025-03-29,Google Ads,292.6,9194,357,322,8,460.15
2025-03-29,Email,60.81,13951,911,888,59,2788.08
2025-03-29,Organic Search,0.0,2292,106,99,4,209.13
2025-03-29,Affiliate,186.81,8621,226,211,6,225.75
2025-03-30,Meta Ads,680.63,42320,464,443,7,256.02
2025-03-30,Google Ads,619.44,18791,471,438,12,584.86
2025-03-30,Email,68.78,14594,992,976,62,2943.72
2025-03-30,Organic Search,0.0,3326,161,153,6,326.85
2025-03-30,Affiliate,202.43,9786,213,197,5,218.18
2025-03-31,Meta Ads,881.86,43785,671,609,10,412.22
2025-03-31,Google Ads,301.2,11227,341,319,9,505.5
2025-03-31,Email,72.88,18378,1310,1294,97,4608.01
2025-03-31,Organic Search,0.0,2642,163,156,5,261.12
2025-03-31,Affiliate,305.01,11178,250,235,6,307.83
2025-04-01,Meta Ads,626.58,34015,397,375,5,258.79
2025-04-01,Google Ads,461.04,16089,679,625,16,910.51
2025-04-01,Email,58.71,13689,963,953,64,2983.91
2025-04-01,Organic Search,0.0,2989,188,185,8,307.42
2025-04-01,Affiliate,237.11,9369,258,230,6,347.84
2025-04-02,Meta Ads,619.23,37844,649,575,8,291.18
2025-04-02,Google Ads,533.9,17814,587,548,13,634.68
2025-04-02,Email,66.16,16238,1093,1039,63,3078.41
2025-04-02,Organic Search,0.0,1806,123,116,5,285.3
2025-04-02,Affiliate,135.08,5416,122,116,3,144.83
2025-04-03,Meta Ads,802.62,50161,568,537,8,360.8
2025-04-03,Google Ads,521.14,18899,673,624,14,628.38
2025-04-03,Email,72.36,18192,944,887,59,3032.44
2025-04-03,Organic Search,0.0,1994,109,101,4,205.24
2025-04-03,Affiliate,178.86,9804,148,134,3,174.26
2025-04-04,Meta Ads,609.25,32416,367,345,5,236.55
2025-04-04,Google Ads,436.04,16881,422,389,11,607.26
2025-04-04,Email,49.43,10716,540,519,38,1760.89
2025-04-04,Organic Search,0.0,1686,132,123,5,254.48
2025-04-04,Affiliate,142.04,5557,98,89,2,125.76
2025-04-05,Meta Ads,528.12,32610,347,330,5,254.89
2025-04-05,Google Ads,544.35,19645,697,659,15,813.74
2025-04-05,Email,41.66,7739,567,543,34,1569.63
2025-04-05,Organic Search,0.0,3482,179,174,7,356.97
2025-04-05,Affiliate,175.89,7403,183,165,4,216.8
2025-04-06,Meta Ads,793.54,37349,564,512,6,294.94
2025-04-06,Google Ads,421.17,14517,634,588,18,777.11
2025-04-06,Email,40.96,10612,747,720,46,2000.17
2025-04-06,Organic Search,0.0,2858,216,214,10,434.67
2025-04-06,Affiliate,215.62,8059,150,132,4,230.27
2025-04-07,Meta Ads,657.71,30188,512,479,8,343.62
2025-04-07,Google Ads,338.47,10624,392,365,10,509.45
2025-04-07,Email,64.0,11797,869,859,53,2478.69
2025-04-07,Organic Search,0.0,1939,150,146,7,352.96
2025-04-07,Affiliate,222.34,11457,289,264,7,305.18
2025-04-08,Meta Ads,937.13,43026,701,641,9,458.96
2025-04-08,Google Ads,415.11,14551,431,390,10,496.31
2025-04-08,Email,54.32,11652,809,768,49,2058.54
2025-04-08,Organic Search,0.0,2821,175,170,6,327.27
2025-04-08,Affiliate,165.84,6858,113,101,3,167.15
2025-04-09,Meta Ads,611.63,38908,400,372,4,209.97
2025-04-09,Google Ads,357.92,10952,333,309,7,365.97
2025-04-09,Email,48.58,9107,560,531,37,1467.32
2025-04-09,Organic Search,0.0,1548,127,118,4,227.24
2025-04-09,Affiliate,281.32,13321,321,305,7,363.83
2025-04-10,Meta Ads,787.34,45241,604,550,9,425.62
2025-04-10,Google Ads,563.71,18348,696,674,18,972.69
2025-04-10,Email,47.02,11114,549,528,36,1730.72
2025-04-10,Organic Search,0.0,1809,99,97,4,178.27
2025-04-10,Affiliate,266.65,9372,163,149,1,70.19
2025-04-11,Meta Ads,756.96,42967,555,519,7,328.99
2025-04-11,Google Ads,590.35,22777,873,814,19,838.78
2025-04-11,Email,32.26,5835,435,410,25,1052.99
2025-04-11,Organic Search,0.0,2067,127,120,5,273.78
2025-04-11,Affiliate,179.89,6848,182,157,4,176.59
2025-04-12,Meta Ads,626.42,30156,304,273,4,168.2
2025-04-12,Google Ads,415.02,12122,446,410,9,503.44
2025-04-12,Email,48.27,10905,550,527,33,1456.28
2025-04-12,Organic Search,0.0,3361,219,214,9,417.08
2025-04-12,Affiliate,283.84,14901,360,316,11,650.41
2025-04-13,Meta Ads,864.79,43088,451,417,7,266.84
2025-04-13,Google Ads,416.44,15767,491,461,12,514.23
2025-04-13,Email,51.26,10088,750,702,50,2090.74
2025-04-13,Organic Search,0.0,1989,148,137,5,239.43
2025-04-13,Affiliate,270.35,9892,259,228,6,289.55
2025-04-14,Meta Ads,844.0,42683,668,639,9,417.98
2025-04-14,Google Ads,444.43,16403,565,531,14,717.27
2025-04-14,Email,57.21,14232,897,855,57,2388.45
2025-04-14,Organic Search,0.0,2007,108,107,4,228.79
2025-04-14,Affiliate,178.21,6894,169,150,3,172.2
2025-04-15,Meta Ads,728.62,43710,778,713,11,468.52
2025-04-15,Google Ads,651.97,25191,678,641,17,716.28
2025-04-15,Email,49.64,9536,490,464,34,1563.3
2025-04-15,Organic Search,0.0,1988,159,151,6,259.94
2025-04-15,Affiliate,113.45,5630,122,104,3,175.27
2025-04-16,Meta Ads,876.95,54705,943,856,11,510.34
2025-04-16,Google Ads,446.37,13687,373,353,8,427.75
2025-04-16,Email,66.85,13130,769,740,49,1887.34
2025-04-16,Organic Search,0.0,3429,218,201,7,355.57
2025-04-16,Affiliate,180.73,9770,175,165,4,216.09
2025-04-17,Meta Ads,751.47,38797,588,526,9,399.06
2025-04-17,Google Ads,460.33,16817,641,597,15,671.86
2025-04-17,Email,49.09,9899,526,494,33,1573.26
2025-04-17,Organic Search,0.0,2408,126,118,4,207.5
2025-04-17,Affiliate,155.19,8361,178,168,4,178.68
2025-04-18,Meta Ads,806.06,48541,812,718,11,490.47
2025-04-18,Google Ads,488.52,14692,660,596,17,841.88
2025-04-18,Email,36.15,8564,605,570,37,1437.82
2025-04-18,Organic Search,0.0,2207,110,102,3,181.35
2025-04-18,Affiliate,151.27,8065,158,150,3,162.27
2025-04-19,Meta Ads,787.25,44885,696,618,9,464.73
2025-04-19,Google Ads,377.3,15031,577,548,15,658.44
2025-04-19,Email,48.73,12152,679,632,41,1909.98
2025-04-19,Organic Search,0.0,2014,130,121,5,265.21
2025-04-19,Affiliate,268.88,14057,241,211,5,230.36
2025-04-20,Meta Ads,625.83,36922,560,510,9,410.03
2025-04-20,Google Ads,487.41,19097,768,741,17,886.74
2025-04-20,Email,63.02,13444,606,566,35,1422.7
2025-04-20,Organic Search,0.0,2203,160,156,7,354.35
2025-04-20,Affiliate,346.75,12226,234,207,6,309.73
2025-04-21,Meta Ads,689.75,40633,451,426,6,278.78
2025-04-21,Google Ads,457.28,15456,522,474,12,490.15
2025-04-21,Email,46.62,8886,654,619,42,1800.0
2025-04-21,Organic Search,0.0,3296,222,219,8,346.37
2025-04-21,Affiliate,238.53,9997,270,253,8,278.23
2025-04-22,Meta Ads,777.68,39209,545,481,7,256.65
2025-04-22,Google Ads,411.04,14297,369,334,7,345.32
2025-04-22,Email,50.71,10502,544,512,33,1358.55
2025-04-22,Organic Search,0.0,1780,148,142,5,294.49
2025-04-22,Affiliate,157.0,8068,179,162,5,258.67
2025-04-23,Meta Ads,669.14,30561,373,331,5,218.66
2025-04-23,Google Ads,463.08,15305,410,381,10,435.97
2025-04-23,Email,69.5,15242,908,897,58,2294.51
2025-04-23,Organic Search,0.0,2458,113,111,4,195.84
2025-04-23,Affiliate,213.86,7749,119,108,2,123.24
2025-04-24,Meta Ads,656.37,36705,548,495,9,343.81
2025-04-24,Google Ads,557.09,16170,504,454,12,624.6
2025-04-24,Email,44.87,10246,721,688,49,2171.49
2025-04-24,Organic Search,0.0,1946,161,151,6,284.81
2025-04-24,Affiliate,270.44,11365,259,243,5,258.28
2025-04-25,Meta Ads,845.07,51917,584,519,8,352.58
2025-04-25,Google Ads,402.52,14118,571,530,13,510.07
2025-04-25,Email,41.42,8544,511,486,30,1499.86
2025-04-25,Organic Search,0.0,2855,204,192,7,376.77
2025-04-25,Affiliate,105.26,4346,86,79,2,100.16
2025-04-26,Meta Ads,655.47,41199,423,402,7,295.72
2025-04-26,Google Ads,432.69,12167,526,491,14,753.04
2025-04-26,Email,92.06,23364,1441,1358,80,3416.36
2025-04-26,Organic Search,0.0,3389,212,199,8,426.53
2025-04-26,Affiliate,227.47,8090,211,199,6,224.4
2025-04-27,Meta Ads,671.82,38937,410,388,6,298.11
2025-04-27,Google Ads,473.13,17860,630,578,15,582.24
2025-04-27,Email,50.23,9579,577,539,36,1493.65
2025-04-27,Organic Search,0.0,2740,209,193,9,463.71
2025-04-27,Affiliate,99.25,4781,100,87,2,105.56
2025-04-28,Meta Ads,705.84,44811,742,686,11,343.11
2025-04-28,Google Ads,418.28,14532,458,423,11,404.21
2025-04-28,Email,57.59,11230,519,494,32,1389.49
2025-04-28,Organic Search,0.0,2858,215,202,7,291.58
2025-04-28,Affiliate,147.89,5178,80,76,2,79.61
2025-04-29,Meta Ads,674.97,30649,500,458,7,293.77
2025-04-29,Google Ads,502.09,18585,759,716,17,752.83
2025-04-29,Email,34.28,7375,430,414,28,1175.34
2025-04-29,Organic Search,0.0,2364,184,181,7,390.28
2025-04-29,Affiliate,140.78,6913,190,172,5,299.92
2025-04-30,Meta Ads,744.41,40918,601,529,6,220.82
2025-04-30,Google Ads,478.35,18079,711,677,17,948.11
2025-04-30,Email,56.64,12780,575,557,39,1633.8
2025-04-30,Organic Search,0.0,2493,192,186,8,440.63
2025-04-30,Affiliate,223.59,12243,362,340,9,363.18
2025-05-01,Meta Ads,747.36,41752,673,620,12,635.8
2025-05-01,Google Ads,471.72,16072,540,490,12,567.51
2025-05-01,Email,66.74,12273,558,535,37,1845.8
2025-05-01,Organic Search,0.0,3090,167,160,6,291.7
2025-05-01,Affiliate,167.47,7683,217,189,4,149.18
2025-05-02,Meta Ads,744.23,48339,527,500,9,446.41
2025-05-02,Google Ads,344.38,11788,363,347,7,394.98
2025-05-02,Email,29.35,6490,430,413,25,1196.31
2025-05-02,Organic Search,0.0,3446,267,261,12,593.45
2025-05-02,Affiliate,194.6,9776,167,147,3,148.14
2025-05-03,Meta Ads,721.73,44315,534,501,9,387.79
2025-05-03,Google Ads,515.58,16921,667,643,14,710.19
2025-05-03,Email,74.78,18122,974,953,56,2551.56
2025-05-03,Organic Search,0.0,1673,78,77,3,150.7
2025-05-03,Affiliate,204.56,7691,173,151,3,166.47
2025-05-04,Meta Ads,671.9,33547,388,349,6,223.18
2025-05-04,Google Ads,344.77,13336,494,468,14,702.15
2025-05-04,Email,60.66,15596,992,939,65,2741.02
2025-05-04,Organic Search,0.0,2836,191,187,8,368.14
2025-05-04,Affiliate,144.3,5357,157,143,4,179.69
2025-05-05,Meta Ads,593.38,36458,427,403,6,268.08
2025-05-05,Google Ads,500.78,18924,539,487,12,539.82
2025-05-05,Email,52.96,10579,748,709,41,1867.25
2025-05-05,Organic Search,0.0,1906,110,101,4,202.29
2025-05-05,Affiliate,146.54,5752,164,154,4,176.01
2025-05-06,Meta Ads,758.05,37314,411,374,6,323.74
2025-05-06,Google Ads,386.11,12183,388,371,9,529.38
2025-05-06,Email,76.61,15494,722,703,43,1857.32
2025-05-06,Organic Search,0.0,2474,129,120,6,250.93
2025-05-06,Affiliate,260.2,11091,172,157,5,276.39
2025-05-07,Meta Ads,696.5,37242,461,407,6,221.3
2025-05-07,Google Ads,536.94,19443,509,464,11,585.0
2025-05-07,Email,47.47,11332,804,785,60,2673.29
2025-05-07,Organic Search,0.0,3204,250,243,10,555.4
2025-05-07,Affiliate,144.1,6882,156,146,3,206.9
2025-05-08,Meta Ads,721.36,46338,555,520,8,336.77
2025-05-08,Google Ads,446.08,15560,569,518,15,758.47
2025-05-08,Email,72.15,17581,1023,965,66,2988.49
2025-05-08,Organic Search,0.0,2521,122,118,4,230.12
2025-05-08,Affiliate,202.13,7884,128,115,2,104.66
2025-05-09,Meta Ads,600.95,31175,377,340,6,265.62
2025-05-09,Google Ads,313.39,10004,267,245,6,306.72
2025-05-09,Email,55.96,11580,751,726,45,1850.41
2025-05-09,Organic Search,0.0,2861,222,216,11,585.4
2025-05-09,Affiliate,219.51,11010,324,278,9,385.42
2025-05-10,Meta Ads,637.07,35354,615,589,9,373.18
2025-05-10,Google Ads,408.72,12530,394,355,9,465.28
2025-05-10,Email,53.3,12359,844,806,51,2288.42
2025-05-10,Organic Search,0.0,1913,110,102,4,214.75
2025-05-10,Affiliate,195.45,9301,270,251,8,362.96
2025-05-11,Meta Ads,824.83,38133,512,467,7,311.31
2025-05-11,Google Ads,524.11,19963,805,760,18,861.08
2025-05-11,Email,73.53,16441,873,829,50,1949.39
2025-05-11,Organic Search,0.0,2451,171,162,5,284.76
2025-05-11,Affiliate,140.02,6820,106,98,2,132.84
2025-05-12,Meta Ads,679.53,39448,586,561,9,334.57
2025-05-12,Google Ads,499.76,15410,472,439,11,606.44
2025-05-12,Email,54.22,12378,638,624,44,2039.24
2025-05-12,Organic Search,0.0,1662,106,97,4,217.65
2025-05-12,Affiliate,128.5,5330,125,109,2,96.09
2025-05-13,Meta Ads,533.28,26170,285,253,3,145.57
2025-05-13,Google Ads,471.41,18590,472,438,13,623.96
2025-05-13,Email,63.67,13821,1026,956,52,2150.05
2025-05-13,Organic Search,0.0,3357,185,172,6,303.29
2025-05-13,Affiliate,196.56,10514,255,225,6,287.89
2025-05-14,Meta Ads,994.01,35244,580,543,6,292.72
2025-05-14,Google Ads,409.44,15794,567,543,13,725.34
2025-05-14,Email,69.78,14718,837,793,50,2345.89
2025-05-14,Organic Search,0.0,2820,175,164,6,341.59
2025-05-14,Affiliate,170.22,6663,155,140,4,192.27
2025-05-15,Meta Ads,671.32,37344,548,505,8,427.02
2025-05-15,Google Ads,474.88,15249,579,541,15,684.84
2025-05-15,Email,62.09,12125,766,721,47,1815.03
2025-05-15,Organic Search,0.0,1682,134,126,5,227.06
2025-05-15,Affiliate,219.28,10809,173,157,3,168.74
2025-05-16,Meta Ads,849.78,44969,563,501,7,290.27
2025-05-16,Google Ads,371.05,10791,377,343,7,388.9
2025-05-16,Email,39.38,7544,457,431,28,1376.51
2025-05-16,Organic Search,0.0,1609,81,77,3,140.92
2025-05-16,Affiliate,140.08,6531,120,107,2,118.85
2025-05-17,Meta Ads,556.14,36042,647,620,10,474.2
2025-05-17,Google Ads,521.0,16074,406,368,12,494.37
2025-05-17,Email,42.43,10067,560,550,43,1863.26
2025-05-17,Organic Search,0.0,1868,121,112,4,199.2
2025-05-17,Affiliate,192.18,7388,213,182,4,201.35
2025-05-18,Meta Ads,701.13,37899,405,380,5,201.9
2025-05-18,Google Ads,383.5,14890,609,588,16,790.55
2025-05-18,Email,69.4,17516,1056,1005,66,2845.33
2025-05-18,Organic Search,0.0,1748,106,99,4,214.92
2025-05-18,Affiliate,251.94,11046,290,250,6,362.54
2025-05-19,Meta Ads,694.04,34584,419,381,4,185.21
2025-05-19,Google Ads,546.66,18895,641,614,18,939.52
2025-05-19,Email,49.54,10482,723,714,41,1769.06
2025-05-19,Organic Search,0.0,2672,132,129,5,293.97
2025-05-19,Affiliate,143.24,5532,115,105,3,166.51
2025-05-20,Meta Ads,729.47,38758,588,545,8,320.01
2025-05-20,Google Ads,378.08,11830,468,431,11,499.73
2025-05-20,Email,51.34,11775,555,522,37,1607.49
2025-05-20,Organic Search,0.0,3171,166,155,7,334.07
2025-05-20,Affiliate,303.14,14773,422,371,11,450.44
2025-05-21,Meta Ads,804.97,50832,547,512,10,435.47
2025-05-21,Google Ads,458.96,14622,607,579,15,743.72
2025-05-21,Email,59.34,13480,956,907,53,2261.23
2025-05-21,Organic Search,0.0,3096,249,235,8,386.6
2025-05-21,Affiliate,212.3,9465,255,240,9,420.58
2025-05-22,Meta Ads,637.61,35200,495,436,7,259.2
2025-05-22,Google Ads,390.99,14681,481,451,11,559.25
2025-05-22,Email,65.67,13161,604,587,40,1813.83
2025-05-22,Organic Search,0.0,1999,133,126,5,274.28
2025-05-22,Affiliate,174.59,9279,149,133,3,152.89
2025-05-23,Meta Ads,737.38,45864,604,562,6,277.6
2025-05-23,Google Ads,455.41,15683,536,518,12,429.67
2025-05-23,Email,49.23,11968,738,713,50,2214.42
2025-05-23,Organic Search,0.0,3297,244,226,8,343.69
2025-05-23,Affiliate,155.73,7963,131,113,2,104.3
2025-05-24,Meta Ads,749.68,44585,642,608,10,432.91
2025-05-24,Google Ads,513.2,19817,564,512,12,667.88
2025-05-24,Email,25.98,5952,401,391,26,1221.09
2025-05-24,Organic Search,0.0,2397,127,123,4,246.51
2025-05-24,Affiliate,233.61,10827,192,176,5,218.25
2025-05-25,Meta Ads,732.1,35605,360,326,5,212.28
2025-05-25,Google Ads,389.82,13736,391,367,9,408.37
2025-05-25,Email,47.69,11378,775,724,48,2109.83
2025-05-25,Organic Search,0.0,3236,215,207,8,434.71
2025-05-25,Affiliate,78.74,3557,91,80,1,66.2
2025-05-26,Meta Ads,830.91,50688,644,575,8,381.86
2025-05-26,Google Ads,575.06,16589,424,396,8,445.59
2025-05-26,Email,38.85,9753,521,510,30,1314.23
2025-05-26,Organic Search,0.0,2345,182,177,7,323.16
2025-05-26,Affiliate,121.1,4751,74,66,1,46.62
2025-05-27,Meta Ads,808.41,36497,468,435,7,309.69
2025-05-27,Google Ads,499.96,19457,570,553,16,841.64
2025-05-27,Email,61.92,11515,722,706,47,1841.77
2025-05-27,Organic Search,0.0,2678,177,171,5,282.0
2025-05-27,Affiliate,296.6,12459,189,163,5,273.82
2025-05-28,Meta Ads,669.08,38504,545,514,8,344.32
2025-05-28,Google Ads,578.39,22682,924,887,22,1245.85
2025-05-28,Email,61.51,14115,660,621,41,1897.49
2025-05-28,Organic Search,0.0,2982,234,230,10,525.64
2025-05-28,Affiliate,127.15,5655,156,133,3,180.0
2025-05-29,Meta Ads,692.91,42428,467,416,5,226.9
2025-05-29,Google Ads,384.11,15132,610,586,15,794.79
2025-05-29,Email,47.47,8804,569,531,36,1388.64
2025-05-29,Organic Search,0.0,3404,195,186,8,452.11
2025-05-29,Affiliate,159.68,7694,228,211,4,249.06
2025-05-30,Meta Ads,639.6,30657,412,372,6,286.92
2025-05-30,Google Ads,366.3,12852,364,346,9,437.28
2025-05-30,Email,64.19,14235,777,733,53,1959.87
2025-05-30,Organic Search,0.0,3330,190,177,8,372.65
2025-05-30,Affiliate,142.6,7159,163,149,3,119.64
2025-05-31,Meta Ads,815.32,49025,551,519,7,380.59
2025-05-31,Google Ads,452.94,14167,486,458,11,537.5
2025-05-31,Email,55.0,10619,596,556,28,1269.42
2025-05-31,Organic Search,0.0,2014,153,146,6,289.08
2025-05-31,Affiliate,177.11,7278,128,117,5,206.14
2025-06-01,Meta Ads,674.01,32847,364,327,5,233.95
2025-06-01,Google Ads,505.76,19206,623,585,13,736.96
2025-06-01,Email,67.26,13701,740,690,42,1892.94
2025-06-01,Organic Search,0.0,3323,164,156,6,286.98
2025-06-01,Affiliate,149.18,5281,145,138,4,199.83
2025-06-02,Meta Ads,647.03,33442,374,346,4,193.0
2025-06-02,Google Ads,535.52,17659,557,539,14,729.81
2025-06-02,Email,50.56,11765,879,830,56,2442.99
2025-06-02,Organic Search,0.0,2795,130,124,4,204.48
2025-06-02,Affiliate,277.43,14307,422,378,10,436.65
2025-06-03,Meta Ads,545.81,33997,416,392,5,262.74
2025-06-03,Google Ads,437.57,15008,630,611,18,926.21
2025-06-03,Email,70.37,15363,918,901,59,2650.77
2025-06-03,Organic Search,0.0,2410,168,160,6,295.25
2025-06-03,Affiliate,142.29,5514,145,128,3,150.86
2025-06-04,Meta Ads,660.01,31310,341,308,5,214.35
2025-06-04,Google Ads,454.81,14073,375,349,9,521.72
2025-06-04,Email,68.88,15471,1032,1002,59,2729.97
2025-06-04,Organic Search,0.0,3041,175,169,6,279.46
2025-06-04,Affiliate,88.95,4298,120,103,3,195.46
2025-06-05,Meta Ads,626.94,40621,566,514,8,291.22
2025-06-05,Google Ads,465.03,17070,523,473,13,625.72
2025-06-05,Email,71.8,14363,967,944,53,2432.32
2025-06-05,Organic Search,0.0,2907,245,230,9,412.22
2025-06-05,Affiliate,191.67,9240,243,207,5,263.46
2025-06-06,Meta Ads,713.46,44610,504,458,6,289.95
2025-06-06,Google Ads,407.98,11810,410,371,10,508.13
2025-06-06,Email,48.8,12614,821,802,51,2353.13
2025-06-06,Organic Search,0.0,2787,223,209,10,427.58
2025-06-06,Affiliate,203.52,7983,236,211,5,201.7
2025-06-07,Meta Ads,694.11,39884,693,664,11,445.45
2025-06-07,Google Ads,348.96,13360,392,355,8,479.96
2025-06-07,Email,63.99,14975,883,838,53,2314.37
2025-06-07,Organic Search,0.0,2598,163,156,7,352.26
2025-06-07,Affiliate,171.22,9073,150,137,4,170.01
2025-06-08,Meta Ads,693.65,34891,425,389,5,221.88
2025-06-08,Google Ads,483.1,13834,440,417,11,643.09
2025-06-08,Email,37.01,6665,394,367,24,999.97
2025-06-08,Organic Search,0.0,3336,178,168,5,245.46
2025-06-08,Affiliate,211.06,7919,133,119,4,186.73
2025-06-09,Meta Ads,591.28,33399,375,351,5,292.6
2025-06-09,Google Ads,597.89,20896,693,663,14,761.27
2025-06-09,Email,46.19,8443,451,437,28,999.82
2025-06-09,Organic Search,0.0,1764,84,83,3,152.87
2025-06-09,Affiliate,174.36,8673,259,229,6,323.57
2025-06-10,Meta Ads,759.0,45215,622,560,8,385.61
2025-06-10,Google Ads,439.75,15841,522,488,12,621.47
2025-06-10,Email,61.07,13163,727,692,44,2061.62
2025-06-10,Organic Search,0.0,1672,103,96,4,215.69
2025-06-10,Affiliate,160.22,7424,132,117,3,168.8
2025-06-11,Meta Ads,660.13,35604,510,460,6,306.5
2025-06-11,Google Ads,376.79,14186,428,403,10,449.1
2025-06-11,Email,48.39,10039,523,514,41,1918.4
2025-06-11,Organic Search,0.0,1599,80,77,3,187.71
2025-06-11,Affiliate,201.37,8199,131,112,2,88.48
2025-06-12,Meta Ads,524.14,24747,286,264,3,107.39
2025-06-12,Google Ads,384.49,13279,442,428,10,546.78
2025-06-12,Email,54.77,12066,876,842,50,2264.11
2025-06-12,Organic Search,0.0,2817,190,178,7,345.06
2025-06-12,Affiliate,188.0,6596,143,121,3,119.21
2025-06-13,Meta Ads,518.95,26213,399,361,7,349.77
2025-06-13,Google Ads,572.35,22666,960,885,16,749.84
2025-06-13,Email,61.7,11188,595,587,39,1835.81
2025-06-13,Organic Search,0.0,1875,120,117,4,217.31
2025-06-13,Affiliate,145.82,5238,114,107,2,96.17
2025-06-14,Meta Ads,611.64,32860,480,443,6,270.47
2025-06-14,Google Ads,496.88,16464,416,382,10,520.29
2025-06-14,Email,49.12,11649,620,601,41,1864.0
2025-06-14,Organic Search,0.0,2304,120,114,4,218.12
2025-06-14,Affiliate,241.02,9878,249,230,7,319.24
2025-06-15,Meta Ads,690.86,31237,343,306,4,199.77
2025-06-15,Google Ads,487.77,16168,531,489,13,616.91
2025-06-15,Email,53.13,12858,656,639,40,1762.4
2025-06-15,Organic Search,0.0,1673,138,132,5,248.38
2025-06-15,Affiliate,173.84,7841,221,194,5,282.0
2025-06-16,Meta Ads,554.28,28194,335,307,5,225.45
2025-06-16,Google Ads,353.64,12855,471,441,12,546.69
2025-06-16,Email,48.44,10221,571,536,40,1906.99
2025-06-16,Organic Search,0.0,2180,173,169,6,319.88
2025-06-16,Affiliate,191.0,10503,193,169,5,230.94
2025-06-17,Meta Ads,729.35,39835,468,431,6,284.23
2025-06-17,Google Ads,566.18,17813,509,489,10,436.26
2025-06-17,Email,55.14,10462,685,645,29,1382.89
2025-06-17,Organic Search,0.0,2274,188,177,7,379.86
2025-06-17,Affiliate,155.39,6706,139,121,3,167.02
2025-06-18,Meta Ads,752.66,39008,457,420,6,249.47
2025-06-18,Google Ads,462.74,16453,670,615,16,783.68
2025-06-18,Email,26.71,6355,406,382,21,924.31
2025-06-18,Organic Search,0.0,2690,226,217,9,424.55
2025-06-18,Affiliate,155.11,7462,189,165,3,117.91
2025-06-19,Meta Ads,567.12,28104,334,317,3,145.62
2025-06-19,Google Ads,564.03,16867,475,443,9,405.21
2025-06-19,Email,54.48,11421,623,580,35,1549.94
2025-06-19,Organic Search,0.0,1641,94,92,3,146.32
2025-06-19,Affiliate,246.65,9660,262,247,6,235.38
2025-06-20,Meta Ads,718.58,34644,431,391,6,244.91
2025-06-20,Google Ads,441.39,12905,324,311,8,343.16
2025-06-20,Email,40.61,8036,402,385,26,1202.65
2025-06-20,Organic Search,0.0,1936,138,134,5,238.98
2025-06-20,Affiliate,204.27,10311,255,234,6,332.09
2025-06-21,Meta Ads,715.34,35114,555,497,7,298.28
2025-06-21,Google Ads,517.17,18209,614,592,11,571.27
2025-06-21,Email,55.31,12765,807,772,53,2213.39
2025-06-21,Organic Search,0.0,1551,70,68,3,143.64
2025-06-21,Affiliate,120.14,4681,133,115,3,149.83
2025-06-22,Meta Ads,752.55,36133,452,412,5,202.14
2025-06-22,Google Ads,557.8,21178,596,578,16,872.52
2025-06-22,Email,44.06,8355,580,549,33,1500.91
2025-06-22,Organic Search,0.0,2705,127,119,5,227.28
2025-06-22,Affiliate,165.46,8841,200,183,6,301.32
2025-06-23,Meta Ads,662.72,33723,429,393,6,217.94
2025-06-23,Google Ads,557.85,18886,528,488,13,595.16
2025-06-23,Email,47.04,10035,467,460,28,1248.87
2025-06-23,Organic Search,0.0,2332,192,180,7,355.31
2025-06-23,Affiliate,102.26,4324,129,117,2,133.88
2025-06-24,Meta Ads,715.55,44533,646,583,9,338.03
2025-06-24,Google Ads,620.04,20713,586,539,14,663.12
2025-06-24,Email,64.93,14866,1004,991,60,2734.97
2025-06-24,Organic Search,0.0,2702,204,188,7,338.28
2025-06-24,Affiliate,165.81,7234,168,152,4,157.94
2025-06-25,Meta Ads,516.36,32703,582,526,9,342.78
2025-06-25,Google Ads,355.08,13668,478,432,10,467.0
2025-06-25,Email,48.87,11227,694,659,47,2019.87
2025-06-25,Organic Search,0.0,3169,256,244,10,459.87
2025-06-25,Affiliate,225.36,8284,183,159,5,244.42
2025-06-26,Meta Ads,756.25,42947,585,529,6,253.45
2025-06-26,Google Ads,468.44,15449,586,558,11,606.36
2025-06-26,Email,65.85,15626,996,976,65,2931.04
2025-06-26,Organic Search,0.0,1596,84,77,3,145.8
2025-06-26,Affiliate,158.56,6770,101,93,2,117.1
2025-06-27,Meta Ads,645.36,35888,615,570,10,399.44
2025-06-27,Google Ads,565.6,20417,869,842,21,1157.12
2025-06-27,Email,55.47,12393,653,614,37,1535.5
2025-06-27,Organic Search,0.0,1840,84,77,3,178.75
2025-06-27,Affiliate,126.33,5561,103,98,2,138.93
2025-06-28,Meta Ads,544.38,28581,294,266,4,247.99
2025-06-28,Google Ads,392.23,11447,309,289,8,401.1
2025-06-28,Email,55.44,10834,564,551,35,1604.31
2025-06-28,Organic Search,0.0,2310,169,163,7,388.83
2025-06-28,Affiliate,212.2,9824,167,147,4,212.37
2025-06-29,Meta Ads,536.96,31176,438,393,7,327.98
2025-06-29,Google Ads,577.85,16610,501,479,12,603.76
2025-06-29,Email,38.59,8252,477,449,30,1286.24
2025-06-29,Organic Search,0.0,1809,145,137,5,277.48
2025-06-29,Affiliate,87.5,4667,104,98,2,102.74
2025-06-30,Meta Ads,811.45,42712,685,635,11,423.88
2025-06-30,Google Ads,416.22,16436,510,494,12,522.54
2025-06-30,Email,74.4,18062,1113,1056,56,2306.65
2025-06-30,Organic Search,0.0,2396,190,184,7,339.55
2025-06-30,Affiliate,127.39,5073,96,82,2,99.74
2025-07-01,Meta Ads,605.06,31287,315,294,6,243.77
2025-07-01,Google Ads,668.32,22124,664,613,22,963.53
2025-07-01,Email,56.28,10310,747,713,52,2455.06
2025-07-01,Organic Search,0.0,2768,220,203,8,392.9
2025-07-01,Affiliate,153.69,8210,177,156,4,152.0
2025-07-02,Meta Ads,574.95,27722,356,335,5,233.64
2025-07-02,Google Ads,615.04,19266,612,553,22,1158.42
2025-07-02,Email,62.22,11544,770,750,50,2378.21
2025-07-02,Organic Search,0.0,3326,249,241,10,469.64
2025-07-02,Affiliate,227.73,10683,227,201,5,218.04
2025-07-03,Meta Ads,585.57,28015,481,458,8,317.61
2025-07-03,Google Ads,713.09,27053,847,771,35,1893.11
2025-07-03,Email,58.9,13814,727,708,53,2581.26
2025-07-03,Organic Search,0.0,1938,141,137,5,204.21
2025-07-03,Affiliate,193.15,7092,126,113,3,135.97
2025-07-04,Meta Ads,655.55,42327,580,530,7,349.3
2025-07-04,Google Ads,738.67,26779,691,655,20,981.95
2025-07-04,Email,49.35,11065,740,703,47,1943.17
2025-07-04,Organic Search,0.0,3136,174,170,6,279.32
2025-07-04,Affiliate,231.0,10249,158,149,4,265.3
2025-07-05,Meta Ads,674.22,36939,601,529,9,397.09
2025-07-05,Google Ads,588.69,22257,969,913,37,2129.93
2025-07-05,Email,56.62,12124,811,759,44,1835.7
2025-07-05,Organic Search,0.0,3387,173,161,7,365.95
2025-07-05,Affiliate,253.14,13723,261,243,4,204.04
2025-07-06,Meta Ads,589.36,26589,388,364,5,230.4
2025-07-06,Google Ads,694.7,20937,793,725,30,1607.65
2025-07-06,Email,42.28,7969,535,499,35,1599.0
2025-07-06,Organic Search,0.0,1782,117,108,4,196.13
2025-07-06,Affiliate,114.75,4492,113,97,2,115.24
2025-07-07,Meta Ads,754.23,49007,500,440,7,266.56
2025-07-07,Google Ads,645.39,25138,1071,974,35,2065.58
2025-07-07,Email,51.11,11912,620,589,44,1968.74
2025-07-07,Organic Search,0.0,3428,196,180,7,328.49
2025-07-07,Affiliate,184.17,6861,167,156,5,236.26
2025-07-08,Meta Ads,642.43,39007,574,510,7,324.07
2025-07-08,Google Ads,772.2,22642,1010,921,30,1444.0
2025-07-08,Email,74.25,16001,839,802,48,2161.65
2025-07-08,Organic Search,0.0,3330,190,178,7,400.34
2025-07-08,Affiliate,83.03,4303,98,86,1,83.51
2025-07-09,Meta Ads,686.26,39208,507,447,6,270.54
2025-07-09,Google Ads,712.18,25067,902,830,33,1336.87
2025-07-09,Email,62.35,13491,723,675,47,1929.04
2025-07-09,Organic Search,0.0,2824,226,213,8,364.05
2025-07-09,Affiliate,185.44,9937,203,174,5,199.02
2025-07-10,Meta Ads,756.69,44073,495,444,6,302.83
2025-07-10,Google Ads,688.7,23425,989,913,33,1779.52
2025-07-10,Email,46.51,11536,779,757,49,2168.81
2025-07-10,Organic Search,0.0,2933,216,213,8,402.51
2025-07-10,Affiliate,77.92,3683,78,73,2,99.3
2025-07-11,Meta Ads,569.32,32833,568,519,9,435.62
2025-07-11,Google Ads,679.74,19581,840,810,30,1410.71
2025-07-11,Email,58.23,13266,767,746,52,2155.19
2025-07-11,Organic Search,0.0,2073,147,142,6,333.37
2025-07-11,Affiliate,223.77,10542,169,151,3,160.25
2025-07-12,Meta Ads,453.09,20483,304,285,4,187.73
2025-07-12,Google Ads,697.2,23046,659,612,18,773.68
2025-07-12,Email,46.09,9264,614,573,33,1471.34
2025-07-12,Organic Search,0.0,3093,236,223,8,348.66
2025-07-12,Affiliate,157.6,6091,172,153,4,192.85
2025-07-13,Meta Ads,726.06,35619,616,581,9,328.85
2025-07-13,Google Ads,686.42,19346,688,625,21,1092.38
2025-07-13,Email,54.48,13693,886,868,51,1935.23
2025-07-13,Organic Search,0.0,2223,148,142,6,299.66
2025-07-13,Affiliate,113.78,5699,117,109,3,169.93
2025-07-14,Meta Ads,574.54,30686,310,275,4,165.86
2025-07-14,Google Ads,663.13,22909,621,582,18,1056.58
2025-07-14,Email,84.87,21392,1510,1409,95,4607.81
2025-07-14,Organic Search,0.0,1626,122,117,5,238.05
2025-07-14,Affiliate,93.99,3397,82,76,2,96.67
2025-07-15,Meta Ads,588.88,27726,321,303,5,216.52
2025-07-15,Google Ads,605.84,22513,591,535,19,825.05
2025-07-15,Email,55.79,12945,707,696,47,2122.89
2025-07-15,Organic Search,0.0,3272,236,232,9,498.45
2025-07-15,Affiliate,253.82,12274,352,312,6,296.74
2025-07-16,Meta Ads,674.13,42428,655,580,8,329.29
2025-07-16,Google Ads,766.07,30343,780,723,26,1256.65
2025-07-16,Email,60.67,13879,684,656,36,1532.69
2025-07-16,Organic Search,0.0,1660,135,131,6,234.61
2025-07-16,Affiliate,217.07,9153,221,196,2,140.63
2025-07-17,Meta Ads,664.22,33115,470,422,6,310.33
2025-07-17,Google Ads,617.07,22638,605,587,23,888.55
2025-07-17,Email,36.82,7345,493,484,32,1296.13
2025-07-17,Organic Search,0.0,2426,188,182,7,288.43
2025-07-17,Affiliate,161.73,7683,175,164,4,208.98
2025-07-18,Meta Ads,690.76,39445,634,586,9,357.3
2025-07-18,Google Ads,691.83,26264,689,656,23,1079.74
2025-07-18,Email,48.9,11605,704,688,48,2047.51
2025-07-18,Organic Search,0.0,2201,135,130,4,194.51
2025-07-18,Affiliate,264.29,11186,194,178,6,283.8
2025-07-19,Meta Ads,640.79,37434,463,420,6,277.02
2025-07-19,Google Ads,601.06,23133,815,760,29,1396.82
2025-07-19,Email,43.06,8683,538,515,34,1416.54
2025-07-19,Organic Search,0.0,1938,95,92,4,193.57
2025-07-19,Affiliate,166.72,6673,104,97,2,135.7
2025-07-20,Meta Ads,736.75,36873,546,482,7,274.33
2025-07-20,Google Ads,606.52,19399,805,765,27,1530.76
2025-07-20,Email,55.51,11276,547,514,35,1371.89
2025-07-20,Organic Search,0.0,2714,141,137,6,295.41
2025-07-20,Affiliate,208.64,10578,310,279,6,300.76
2025-07-21,Meta Ads,699.93,43294,462,442,6,266.95
2025-07-21,Google Ads,582.17,16493,668,607,26,1345.82
2025-07-21,Email,47.85,11803,540,507,31,1542.14
2025-07-21,Organic Search,0.0,3262,229,221,9,449.45
2025-07-21,Affiliate,241.07,8942,205,179,5,274.44
2025-07-22,Meta Ads,611.07,36996,627,566,8,348.86
2025-07-22,Google Ads,791.53,25034,906,827,33,1795.92
2025-07-22,Email,55.34,10164,760,718,48,2457.88
2025-07-22,Organic Search,0.0,2605,142,134,5,218.57
2025-07-22,Affiliate,218.56,10247,176,164,3,168.1
2025-07-23,Meta Ads,614.39,35848,464,432,7,333.11
2025-07-23,Google Ads,711.68,20316,682,645,24,1208.23
2025-07-23,Email,50.41,10318,468,440,23,1075.7
2025-07-23,Organic Search,0.0,2888,157,153,6,254.56
2025-07-23,Affiliate,191.48,8178,128,116,2,106.22
2025-07-24,Meta Ads,595.64,35806,456,407,6,260.03
2025-07-24,Google Ads,688.38,26109,828,784,31,1623.24
2025-07-24,Email,54.56,13967,831,778,43,1816.39
2025-07-24,Organic Search,0.0,3315,225,212,9,508.23
2025-07-24,Affiliate,245.95,12636,275,237,6,292.27
2025-07-25,Meta Ads,610.32,33551,511,485,8,404.68
2025-07-25,Google Ads,664.18,24201,609,575,18,1002.76
2025-07-25,Email,48.97,12041,810,799,57,2464.53
2025-07-25,Organic Search,0.0,1765,141,138,6,316.99
2025-07-25,Affiliate,288.62,15434,271,241,8,501.74
2025-07-26,Meta Ads,771.82,48264,834,753,14,628.94
2025-07-26,Google Ads,686.36,19264,781,758,26,1241.66
2025-07-26,Email,56.63,10627,563,540,32,1492.28
2025-07-26,Organic Search,0.0,3198,172,159,7,320.16
2025-07-26,Affiliate,209.04,10695,302,276,8,361.76
2025-07-27,Meta Ads,643.18,33218,563,517,6,260.9
2025-07-27,Google Ads,641.74,25042,651,586,22,991.76
2025-07-27,Email,52.07,11979,667,623,36,1682.34
2025-07-27,Organic Search,0.0,1566,106,98,3,172.78
2025-07-27,Affiliate,27.17,1082,21,20,0,24.42
2025-07-28,Meta Ads,953.73,54495,968,881,12,557.91
2025-07-28,Google Ads,633.46,18798,677,619,19,1075.09
2025-07-28,Email,50.09,12889,958,899,68,3276.55
2025-07-28,Organic Search,0.0,1669,100,94,4,217.02
2025-07-28,Affiliate,189.7,8106,137,128,3,153.92
2025-07-29,Meta Ads,614.19,36076,459,406,7,313.06
2025-07-29,Google Ads,706.35,20766,638,603,21,1030.4
2025-07-29,Email,49.05,9797,722,679,42,1763.71
2025-07-29,Organic Search,0.0,1878,96,89,3,154.64
2025-07-29,Affiliate,192.38,9708,193,181,2,114.79
2025-07-30,Meta Ads,574.69,29980,367,335,4,186.82
2025-07-30,Google Ads,711.07,19943,870,825,32,1316.19
2025-07-30,Email,67.77,17033,1099,1062,68,3123.39
2025-07-30,Organic Search,0.0,3461,214,203,8,396.16
2025-07-30,Affiliate,58.88,2892,58,52,1,67.68
2025-07-31,Meta Ads,607.78,37212,568,509,8,442.67
2025-07-31,Google Ads,645.05,22882,851,816,29,1547.8
2025-07-31,Email,48.6,8918,512,500,31,1266.99
2025-07-31,Organic Search,0.0,3479,226,216,9,468.4
2025-07-31,Affiliate,150.47,7304,152,134,3,135.8
2025-08-01,Meta Ads,678.99,40739,531,493,9,406.07
2025-08-01,Google Ads,701.52,25498,737,685,22,938.95
2025-08-01,Email,64.55,12371,745,698,54,2232.74
2025-08-01,Organic Search,0.0,2404,149,147,4,232.2
2025-08-01,Affiliate,119.43,5021,80,72,2,127.36
2025-08-02,Meta Ads,603.29,34870,398,351,5,225.38
2025-08-02,Google Ads,731.36,28706,1270,1198,43,2013.99
2025-08-02,Email,46.5,9966,555,546,36,1560.64
2025-08-02,Organic Search,0.0,1721,110,103,4,191.52
2025-08-02,Affiliate,188.02,9229,201,187,4,153.95
2025-08-03,Meta Ads,621.52,28317,387,348,6,249.82
2025-08-03,Google Ads,627.09,23030,672,636,25,1201.33
2025-08-03,Email,53.3,11254,535,525,36,1601.8
2025-08-03,Organic Search,0.0,3437,200,197,9,496.45
2025-08-03,Affiliate,199.55,10939,185,172,4,186.26
2025-08-04,Meta Ads,604.02,38840,451,415,6,246.49
2025-08-04,Google Ads,585.88,17029,661,634,27,1074.83
2025-08-04,Email,50.75,12568,924,868,53,2349.03
2025-08-04,Organic Search,0.0,2562,187,179,8,282.84
2025-08-04,Affiliate,176.33,9222,153,139,3,139.54
2025-08-05,Meta Ads,819.0,43456,521,477,6,283.17
2025-08-05,Google Ads,441.41,16312,531,494,15,695.73
2025-08-05,Email,67.12,16768,1210,1189,89,3878.14
2025-08-05,Organic Search,0.0,2775,230,224,9,407.23
2025-08-05,Affiliate,172.36,7525,143,129,2,120.93
2025-08-06,Meta Ads,677.3,36873,471,438,6,279.02
2025-08-06,Google Ads,519.55,16785,564,516,17,799.6
2025-08-06,Email,69.56,16436,879,829,52,2306.61
2025-08-06,Organic Search,0.0,2082,132,128,6,275.03
2025-08-06,Affiliate,181.13,6967,196,172,4,241.51
2025-08-07,Meta Ads,605.34,28894,433,392,6,297.73
2025-08-07,Google Ads,637.48,23917,672,631,20,951.95
2025-08-07,Email,68.63,12366,751,707,52,2510.58
2025-08-07,Organic Search,0.0,1917,136,127,5,245.56
2025-08-07,Affiliate,219.51,11839,272,235,7,292.82
2025-08-08,Meta Ads,666.11,39179,498,459,7,309.79
2025-08-08,Google Ads,598.13,16909,461,428,17,810.14
2025-08-08,Email,52.57,11319,546,538,45,1963.52
2025-08-08,Organic Search,0.0,2513,144,141,6,243.26
2025-08-08,Affiliate,210.99,10920,296,259,7,284.35
2025-08-09,Meta Ads,775.95,45528,732,661,9,459.57
2025-08-09,Google Ads,658.28,23702,946,883,28,1398.55
2025-08-09,Email,66.76,13218,887,863,54,2238.33
2025-08-09,Organic Search,0.0,3210,176,171,8,336.62
2025-08-09,Affiliate,160.96,7588,226,205,7,318.84
2025-08-10,Meta Ads,714.52,35680,456,428,6,238.38
2025-08-10,Google Ads,728.16,28899,1236,1134,39,1953.27
2025-08-10,Email,85.77,17230,1119,1097,72,3523.72
2025-08-10,Organic Search,0.0,1524,95,91,3,125.05
2025-08-10,Affiliate,200.86,8343,197,185,4,198.23
2025-08-11,Meta Ads,721.0,33117,487,451,7,301.29
2025-08-11,Google Ads,701.31,25966,726,678,28,1301.91
2025-08-11,Email,73.67,15052,1114,1066,76,3180.94
2025-08-11,Organic Search,0.0,2184,185,174,7,330.29
2025-08-11,Affiliate,151.21,6121,182,168,3,214.38
2025-08-12,Meta Ads,721.21,34227,503,463,6,280.38
2025-08-12,Google Ads,508.07,19853,702,644,22,987.29
2025-08-12,Email,63.73,15151,809,794,58,2318.23
2025-08-12,Organic Search,0.0,1657,85,80,2,139.54
2025-08-12,Affiliate,179.45,7105,154,137,2,115.29
2025-08-13,Meta Ads,729.95,42925,626,576,7,304.02
2025-08-13,Google Ads,716.95,24655,934,880,30,1721.58
2025-08-13,Email,55.88,14388,1061,1039,61,2945.38
2025-08-13,Organic Search,0.0,1856,119,111,4,227.06
2025-08-13,Affiliate,33.01,1494,28,25,0,32.4
2025-08-14,Meta Ads,776.79,39109,420,383,5,278.9
2025-08-14,Google Ads,677.25,20262,803,728,28,1554.73
2025-08-14,Email,62.3,11265,748,707,46,2268.73
2025-08-14,Organic Search,0.0,3470,173,164,7,387.78
2025-08-14,Affiliate,197.36,10098,192,164,4,185.27
2025-08-15,Meta Ads,688.89,39842,584,523,9,373.67
2025-08-15,Google Ads,710.47,27402,1002,957,35,2149.45
2025-08-15,Email,72.49,17651,998,930,54,2127.78
2025-08-15,Organic Search,0.0,2178,152,141,5,253.8
2025-08-15,Affiliate,168.15,6932,172,163,5,213.64
2025-08-16,Meta Ads,658.85,34614,512,490,8,346.24
2025-08-16,Google Ads,562.42,21710,601,577,20,1095.15
2025-08-16,Email,60.41,13180,669,656,53,2483.93
2025-08-16,Organic Search,0.0,2520,157,152,6,280.33
2025-08-16,Affiliate,201.89,7211,157,144,3,131.87
2025-08-17,Meta Ads,534.0,26408,338,323,5,238.38
2025-08-17,Google Ads,710.22,23730,621,597,23,1247.17
2025-08-17,Email,59.51,12345,601,585,36,1753.93
2025-08-17,Organic Search,0.0,2746,231,214,8,331.83
2025-08-17,Affiliate,167.11,7625,183,159,4,256.27
2025-08-18,Meta Ads,625.99,36061,541,512,5,192.05
2025-08-18,Google Ads,650.44,21720,713,661,22,1099.35
2025-08-18,Email,62.54,13205,607,575,37,1449.41
2025-08-18,Organic Search,0.0,3112,207,203,9,457.37
2025-08-18,Affiliate,124.39,4390,105,97,3,180.54
2025-08-19,Meta Ads,561.67,25955,261,231,2,98.63
2025-08-19,Google Ads,689.17,23063,895,807,30,1435.79
2025-08-19,Email,50.61,10884,516,505,32,1487.25
2025-08-19,Organic Search,0.0,1986,92,89,3,155.1
2025-08-19,Affiliate,167.05,7994,219,197,6,275.95
2025-08-20,Meta Ads,722.75,40951,561,538,8,340.96
2025-08-20,Google Ads,699.89,24198,776,738,26,1290.84
2025-08-20,Email,75.2,13902,898,863,61,2611.18
2025-08-20,Organic Search,0.0,3016,237,225,11,552.89
2025-08-20,Affiliate,141.09,6720,156,145,3,151.27
2025-08-21,Meta Ads,695.51,36962,565,520,8,335.11
2025-08-21,Google Ads,624.27,21422,942,876,33,1559.26
2025-08-21,Email,48.2,9978,480,461,27,1232.24
2025-08-21,Organic Search,0.0,1880,93,92,3,158.65
2025-08-21,Affiliate,119.84,4274,100,91,2,126.6
2025-08-22,Meta Ads,502.06,30070,419,389,5,232.51
2025-08-22,Google Ads,628.82,18831,491,464,15,736.5
2025-08-22,Email,61.18,15860,1057,1005,61,2678.86
2025-08-22,Organic Search,0.0,2335,123,122,5,216.39
2025-08-22,Affiliate,103.87,4482,76,67,1,46.0
2025-08-23,Meta Ads,799.4,37769,443,422,5,243.54
2025-08-23,Google Ads,610.14,19679,695,628,22,1172.76
2025-08-23,Email,45.58,10272,597,567,33,1471.76
2025-08-23,Organic Search,0.0,1552,90,87,4,212.68
2025-08-23,Affiliate,157.73,6775,183,172,3,163.08
2025-08-24,Meta Ads,687.46,39303,590,549,9,384.52
2025-08-24,Google Ads,538.25,16068,441,426,15,869.81
2025-08-24,Email,34.28,7157,435,422,24,1099.59
2025-08-24,Organic Search,0.0,3134,234,228,9,380.96
2025-08-24,Affiliate,104.73,4928,123,113,3,163.79
2025-08-25,Meta Ads,637.38,36261,580,547,9,380.97
2025-08-25,Google Ads,586.13,17600,531,512,17,752.6
2025-08-25,Email,75.82,18033,1122,1090,68,3317.79
2025-08-25,Organic Search,0.0,3311,223,206,8,458.88
2025-08-25,Affiliate,103.09,4739,113,100,2,102.19
2025-08-26,Meta Ads,762.41,45215,774,718,13,619.6
2025-08-26,Google Ads,647.47,23699,818,753,24,975.67
2025-08-26,Email,47.25,9853,495,477,29,1351.14
2025-08-26,Organic Search,0.0,2629,174,163,8,361.32
2025-08-26,Affiliate,201.14,8494,159,150,5,221.33
2025-08-27,Meta Ads,720.04,35235,573,537,7,336.1
2025-08-27,Google Ads,618.78,23017,721,680,22,1111.09
2025-08-27,Email,55.53,10252,500,473,29,1265.64
2025-08-27,Organic Search,0.0,3093,242,236,10,515.55
2025-08-27,Affiliate,71.14,3547,101,92,2,114.14
2025-08-28,Meta Ads,747.84,45791,477,420,6,269.59
2025-08-28,Google Ads,760.65,21348,840,770,29,1418.64
2025-08-28,Email,51.07,9302,573,566,26,1263.69
2025-08-28,Organic Search,0.0,2465,120,115,5,263.08
2025-08-28,Affiliate,108.91,5771,86,75,2,160.2
2025-08-29,Meta Ads,708.05,40725,440,413,6,262.2
2025-08-29,Google Ads,688.49,20908,558,511,16,875.82
2025-08-29,Email,53.75,11075,667,632,36,1690.49
2025-08-29,Organic Search,0.0,2238,139,129,5,215.12
2025-08-29,Affiliate,167.31,7809,164,142,4,182.14
2025-08-30,Meta Ads,572.25,30063,495,464,6,247.37
2025-08-30,Google Ads,725.31,26099,765,705,24,1043.44
2025-08-30,Email,42.6,8443,631,591,35,1628.15
2025-08-30,Organic Search,0.0,3177,244,228,9,444.32
2025-08-30,Affiliate,308.03,12454,220,194,7,265.45
2025-08-31,Meta Ads,589.18,35574,548,493,6,299.38
2025-08-31,Google Ads,536.19,15079,479,440,14,606.79
2025-08-31,Email,52.24,9590,616,593,41,1840.67
2025-08-31,Organic Search,0.0,3415,233,225,8,387.05
2025-08-31,Affiliate,169.41,7226,183,159,4,190.01
2025-09-01,Meta Ads,712.26,45663,773,699,12,569.92
2025-09-01,Google Ads,604.79,23112,718,669,17,817.94
2025-09-01,Email,50.95,10431,681,639,32,1598.44
2025-09-01,Organic Search,0.0,1812,112,108,4,243.32
2025-09-01,Affiliate,111.7,5527,111,102,3,137.25
2025-09-02,Meta Ads,674.02,40235,723,670,10,547.87
2025-09-02,Google Ads,341.36,13468,388,354,7,339.57
2025-09-02,Email,59.84,14592,1064,1016,58,2489.16
2025-09-02,Organic Search,0.0,2569,117,112,5,253.75
2025-09-02,Affiliate,162.94,6871,103,89,1,73.3
2025-09-03,Meta Ads,635.27,31876,430,402,4,173.55
2025-09-03,Google Ads,441.29,13736,432,394,9,453.43
2025-09-03,Email,56.82,12745,761,745,44,1984.7
2025-09-03,Organic Search,0.0,3267,239,231,10,481.98
2025-09-03,Affiliate,262.04,12349,259,234,7,315.03
2025-09-04,Meta Ads,851.23,47060,766,715,9,407.06
2025-09-04,Google Ads,402.4,14603,574,527,15,582.34
2025-09-04,Email,79.22,17578,862,836,58,2599.85
2025-09-04,Organic Search,0.0,2138,112,111,4,264.61
2025-09-04,Affiliate,229.56,9751,234,218,7,349.3
2025-09-05,Meta Ads,795.5,49265,716,647,11,522.45
2025-09-05,Google Ads,542.88,21631,921,841,22,1193.52
2025-09-05,Email,50.61,11190,790,763,52,2250.65
2025-09-05,Organic Search,0.0,2396,194,189,8,396.6
2025-09-05,Affiliate,228.17,10480,160,145,3,180.89
2025-09-06,Meta Ads,696.21,44040,566,537,7,330.11
2025-09-06,Google Ads,567.18,20712,831,771,21,1141.66
2025-09-06,Email,39.05,9273,441,414,26,1203.8
2025-09-06,Organic Search,0.0,3327,255,237,9,451.69
2025-09-06,Affiliate,244.17,9850,270,233,6,258.08
2025-09-07,Meta Ads,667.59,31099,536,500,5,259.79
2025-09-07,Google Ads,463.48,15631,556,518,12,561.11
2025-09-07,Email,55.23,11683,661,626,39,2029.06
2025-09-07,Organic Search,0.0,2122,110,108,4,191.09
2025-09-07,Affiliate,226.35,8137,126,112,2,158.7
2025-09-08,Meta Ads,750.98,48333,649,585,9,451.79
2025-09-08,Google Ads,478.78,15480,590,547,14,718.34
2025-09-08,Email,39.99,7620,549,528,35,1561.36
2025-09-08,Organic Search,0.0,1608,92,88,3,172.23
2025-09-08,Affiliate,172.2,6474,100,87,3,166.04
2025-09-09,Meta Ads,740.0,38987,610,544,8,350.69
2025-09-09,Google Ads,432.71,16114,691,662,16,830.96
2025-09-09,Email,44.12,10708,775,764,54,2232.6
2025-09-09,Organic Search,0.0,2572,200,192,7,332.39
2025-09-09,Affiliate,225.81,9826,199,176,5,209.32
2025-09-10,Meta Ads,626.65,29691,484,447,6,279.56
2025-09-10,Google Ads,377.74,11759,297,272,5,237.72
2025-09-10,Email,50.54,10674,582,576,37,1742.62
2025-09-10,Organic Search,0.0,2009,116,111,4,200.62
2025-09-10,Affiliate,110.55,5142,122,106,2,144.32
2025-09-11,Meta Ads,598.96,34080,520,492,9,385.3
2025-09-11,Google Ads,615.02,17932,486,444,12,442.51
2025-09-11,Email,41.54,8097,605,569,40,1703.34
2025-09-11,Organic Search,0.0,3165,224,217,9,420.31
2025-09-11,Affiliate,163.17,6003,122,106,2,110.46
2025-09-12,Meta Ads,806.48,47807,536,474,7,303.46
2025-09-12,Google Ads,517.28,15973,499,464,13,532.86
2025-09-12,Email,60.52,14434,998,935,59,2482.09
2025-09-12,Organic Search,0.0,2644,123,121,5,262.65
2025-09-12,Affiliate,94.11,3633,97,88,2,113.15
2025-09-13,Meta Ads,859.81,46616,610,562,7,326.83
2025-09-13,Google Ads,450.01,17505,613,591,14,702.94
2025-09-13,Email,47.81,11629,615,573,35,1607.69
2025-09-13,Organic Search,0.0,3394,288,280,10,492.5
2025-09-13,Affiliate,132.91,5535,124,114,2,131.29
2025-09-14,Meta Ads,590.63,28801,390,360,3,135.84
2025-09-14,Google Ads,585.11,20747,760,716,20,924.64
2025-09-14,Email,42.55,10098,609,598,37,1877.55
2025-09-14,Organic Search,0.0,1539,72,68,2,115.04
2025-09-14,Affiliate,123.19,4878,130,120,3,165.03
2025-09-15,Meta Ads,532.84,24906,327,288,4,225.22
2025-09-15,Google Ads,459.61,17406,480,441,10,496.21
2025-09-15,Email,50.67,13076,804,762,47,2033.97
2025-09-15,Organic Search,0.0,1724,78,76,3,147.67
2025-09-15,Affiliate,254.21,12370,356,313,6,262.8
2025-09-16,Meta Ads,681.55,43129,532,473,5,241.99
2025-09-16,Google Ads,462.45,13151,495,477,14,663.58
2025-09-16,Email,63.36,11787,657,611,35,1538.77
2025-09-16,Organic Search,0.0,1556,71,67,2,136.66
2025-09-16,Affiliate,229.92,10596,218,189,6,244.27
2025-09-17,Meta Ads,618.0,32397,558,528,7,228.52
2025-09-17,Google Ads,487.27,15393,601,558,16,634.52
2025-09-17,Email,39.14,8650,538,529,30,1357.27
2025-09-17,Organic Search,0.0,1630,94,92,3,159.79
2025-09-17,Affiliate,207.09,8968,188,175,4,227.73
2025-09-18,Meta Ads,1120.5,51369,645,606,7,320.36
2025-09-18,Google Ads,408.38,11705,514,495,13,583.62
2025-09-18,Email,53.69,12678,907,875,62,2768.19
2025-09-18,Organic Search,0.0,2493,206,198,7,317.84
2025-09-18,Affiliate,198.62,8251,210,193,5,253.47
2025-09-19,Meta Ads,686.12,35227,549,519,6,271.7
2025-09-19,Google Ads,435.98,13328,536,512,13,684.12
2025-09-19,Email,47.41,10137,757,734,43,1925.52
2025-09-19,Organic Search,0.0,2401,182,172,7,332.33
2025-09-19,Affiliate,14.1,542,15,14,0,20.12
2025-09-20,Meta Ads,685.09,44032,761,729,8,313.71
2025-09-20,Google Ads,588.69,22493,573,549,11,602.09
2025-09-20,Email,28.93,6061,278,266,17,738.77
2025-09-20,Organic Search,0.0,1994,136,128,4,249.36
2025-09-20,Affiliate,113.25,4326,99,89,2,122.08
2025-09-21,Meta Ads,684.5,33279,456,414,6,287.79
2025-09-21,Google Ads,506.04,16755,497,457,12,640.23
2025-09-21,Email,75.62,18265,1061,1000,74,3363.82
2025-09-21,Organic Search,0.0,2298,182,172,6,287.17
2025-09-21,Affiliate,126.39,4807,119,106,2,122.41
2025-09-22,Meta Ads,726.9,38477,612,560,8,392.17
2025-09-22,Google Ads,478.71,16034,662,638,16,906.98
2025-09-22,Email,49.27,11408,611,598,36,1546.77
2025-09-22,Organic Search,0.0,3305,260,247,10,545.05
2025-09-22,Affiliate,210.49,8831,207,183,5,249.53
2025-09-23,Meta Ads,682.66,39387,395,370,5,258.45
2025-09-23,Google Ads,543.19,15549,417,378,9,484.15
2025-09-23,Email,43.33,8494,604,569,40,1816.73
2025-09-23,Organic Search,0.0,2089,136,127,5,222.75
2025-09-23,Affiliate,158.25,8218,189,165,5,240.69
2025-09-24,Meta Ads,651.2,34675,522,490,9,386.33
2025-09-24,Google Ads,461.49,14423,416,398,8,383.15
2025-09-24,Email,70.92,16658,1139,1083,75,3252.17
2025-09-24,Organic Search,0.0,1765,121,117,4,232.83
2025-09-24,Affiliate,87.22,4019,100,94,1,76.0
2025-09-25,Meta Ads,656.64,33719,405,388,6,257.18
2025-09-25,Google Ads,487.17,18343,526,509,12,607.64
2025-09-25,Email,69.71,15913,877,829,44,1558.89
2025-09-25,Organic Search,0.0,2154,172,161,7,315.82
2025-09-25,Affiliate,119.06,4825,109,95,2,116.23
2025-09-26,Meta Ads,644.07,39800,583,535,7,310.66
2025-09-26,Google Ads,542.09,16754,700,667,19,878.77
2025-09-26,Email,55.32,12170,820,785,50,2110.13
2025-09-26,Organic Search,0.0,2677,194,179,7,361.01
2025-09-26,Affiliate,77.46,3550,59,54,1,77.76
2025-09-27,Meta Ads,629.13,31750,324,294,4,220.35
2025-09-27,Google Ads,543.91,17174,504,479,13,612.86
2025-09-27,Email,52.31,9847,487,464,29,1431.15
2025-09-27,Organic Search,0.0,1648,137,129,5,257.58
2025-09-27,Affiliate,261.29,12608,369,321,11,573.68
2025-09-28,Meta Ads,690.46,36072,644,574,9,312.75
2025-09-28,Google Ads,442.3,17587,750,678,19,812.66
2025-09-28,Email,51.49,10891,756,729,53,2217.3
2025-09-28,Organic Search,0.0,1869,117,107,4,207.92
2025-09-28,Affiliate,211.23,7688,135,123,3,165.87
2025-09-29,Meta Ads,756.01,37268,558,498,7,260.09
2025-09-29,Google Ads,466.94,18300,609,560,15,681.49
2025-09-29,Email,31.77,7971,372,365,24,1196.55
2025-09-29,Organic Search,0.0,2012,99,97,4,191.99
2025-09-29,Affiliate,247.61,12183,212,197,5,208.65
2025-09-30,Meta Ads,929.65,42630,643,574,8,367.98
2025-09-30,Google Ads,453.22,17582,734,710,18,924.35
2025-09-30,Email,50.98,12832,934,923,59,2529.68
2025-09-30,Organic Search,0.0,3389,280,271,10,540.02
2025-09-30,Affiliate,132.18,4773,95,82,1,64.36
2025-10-01,Meta Ads,777.38,43678,750,677,10,468.07
2025-10-01,Google Ads,393.31,13587,561,538,9,494.46
2025-10-01,Email,42.56,9966,556,517,36,1633.59
2025-10-01,Organic Search,0.0,2919,170,163,7,331.36
2025-10-01,Affiliate,243.37,10529,196,176,5,251.11
2025-10-02,Meta Ads,807.25,45879,675,614,9,392.21
2025-10-02,Google Ads,468.89,18002,604,565,16,866.14
2025-10-02,Email,61.92,13179,925,885,60,2908.69
2025-10-02,Organic Search,0.0,2930,246,236,9,430.57
2025-10-02,Affiliate,180.74,9611,245,231,5,205.19
2025-10-03,Meta Ads,667.57,39515,673,627,8,382.87
2025-10-03,Google Ads,463.24,18192,511,465,11,546.5
2025-10-03,Email,63.55,13595,829,782,54,2300.59
2025-10-03,Organic Search,0.0,2477,112,105,3,157.8
2025-10-03,Affiliate,146.11,6911,111,101,2,119.44
2025-10-04,Meta Ads,665.17,32234,441,392,4,218.37
2025-10-04,Google Ads,450.74,17976,465,446,13,596.99
2025-10-04,Email,46.08,11729,597,562,32,1191.89
2025-10-04,Organic Search,0.0,2898,133,125,4,183.56
2025-10-04,Affiliate,153.71,6289,118,112,4,198.33
2025-10-05,Meta Ads,800.39,45339,574,523,6,258.96
2025-10-05,Google Ads,405.56,14813,428,413,8,461.87
2025-10-05,Email,46.26,10579,615,596,60,2747.88
2025-10-05,Organic Search,0.0,3148,174,165,7,348.22
2025-10-05,Affiliate,172.15,7139,137,120,3,164.31
2025-10-06,Meta Ads,571.49,32387,390,349,4,174.89
2025-10-06,Google Ads,456.83,15644,570,549,10,433.71
2025-10-06,Email,79.62,15700,820,779,49,2285.75
2025-10-06,Organic Search,0.0,1965,105,100,4,197.49
2025-10-06,Affiliate,216.23,8443,176,166,4,206.49
2025-10-07,Meta Ads,744.02,34604,593,551,7,316.98
2025-10-07,Google Ads,479.7,14897,597,559,14,682.78
2025-10-07,Email,47.27,9923,569,551,33,1439.43
2025-10-07,Organic Search,0.0,3200,158,156,6,317.82
2025-10-07,Affiliate,248.0,10901,196,167,3,142.75
2025-10-08,Meta Ads,628.54,32058,415,378,4,186.08
2025-10-08,Google Ads,369.88,12259,545,516,15,853.24
2025-10-08,Email,45.73,11347,706,674,41,1723.53
2025-10-08,Organic Search,0.0,3067,178,175,7,349.96
2025-10-08,Affiliate,208.98,7994,233,214,6,242.95
2025-10-09,Meta Ads,688.19,39334,674,599,8,355.84
2025-10-09,Google Ads,528.52,17163,449,434,7,327.73
2025-10-09,Email,68.21,13193,654,611,40,1852.49
2025-10-09,Organic Search,0.0,2289,115,112,5,275.36
2025-10-09,Affiliate,255.9,12880,241,223,5,273.48
2025-10-10,Meta Ads,748.95,46098,807,753,9,427.2
2025-10-10,Google Ads,578.31,21267,680,635,17,998.65
2025-10-10,Email,44.58,8975,503,481,38,1607.55
2025-10-10,Organic Search,0.0,2142,136,131,5,248.18
2025-10-10,Affiliate,236.98,9088,191,179,6,423.79
2025-10-11,Meta Ads,762.22,34430,533,487,7,281.01
2025-10-11,Google Ads,466.71,14997,586,543,12,670.86
2025-10-11,Email,54.41,10313,678,657,33,1378.05
2025-10-11,Organic Search,0.0,3289,189,174,6,330.74
2025-10-11,Affiliate,154.24,8232,230,203,6,300.62
2025-10-12,Meta Ads,783.02,36228,634,602,7,334.89
2025-10-12,Google Ads,573.64,21578,744,680,17,721.77
2025-10-12,Email,43.46,8562,561,549,37,1722.43
2025-10-12,Organic Search,0.0,2967,152,146,6,321.72
2025-10-12,Affiliate,109.21,4937,120,104,3,153.57
2025-10-13,Meta Ads,735.3,46068,758,679,10,401.08
2025-10-13,Google Ads,452.5,13297,570,519,13,600.38
2025-10-13,Email,74.02,15530,956,946,67,2968.85
2025-10-13,Organic Search,0.0,2168,107,102,4,173.16
2025-10-13,Affiliate,162.05,7732,182,168,4,182.62
2025-10-14,Meta Ads,682.41,37487,544,484,7,335.6
2025-10-14,Google Ads,457.99,18173,666,619,17,854.99
2025-10-14,Email,62.21,13425,886,827,59,2497.07
2025-10-14,Organic Search,0.0,3013,254,247,10,496.66
2025-10-14,Affiliate,86.37,4464,129,120,3,121.14
2025-10-15,Meta Ads,706.82,41434,641,590,8,380.83
2025-10-15,Google Ads,387.6,14702,644,619,14,739.24
2025-10-15,Email,61.3,15167,980,969,73,3425.64
2025-10-15,Organic Search,0.0,3080,167,165,6,301.69
2025-10-15,Affiliate,204.87,10785,266,246,6,289.68
2025-10-16,Meta Ads,661.64,42179,479,451,5,214.14
2025-10-16,Google Ads,499.91,19178,487,453,12,515.87
2025-10-16,Email,70.71,13592,1008,950,58,2816.66
2025-10-16,Organic Search,0.0,3285,234,224,8,409.59
2025-10-16,Affiliate,195.09,10120,250,225,6,292.71
2025-10-17,Meta Ads,723.33,37769,513,484,7,343.76
2025-10-17,Google Ads,504.75,15536,635,591,14,643.0
2025-10-17,Email,51.23,9935,693,667,42,1824.76
2025-10-17,Organic Search,0.0,3383,160,156,5,292.42
2025-10-17,Affiliate,144.21,6213,175,160,4,191.2
2025-10-18,Meta Ads,754.59,42357,425,375,5,208.1
2025-10-18,Google Ads,556.96,20146,616,579,12,644.42
2025-10-18,Email,38.04,7723,470,451,25,1145.97
2025-10-18,Organic Search,0.0,2624,215,200,8,421.63
2025-10-18,Affiliate,46.12,1951,57,51,1,47.45
2025-10-19,Meta Ads,760.72,44804,716,645,9,398.3
2025-10-19,Google Ads,406.0,15910,632,579,19,1071.39
2025-10-19,Email,70.31,14100,711,662,36,1788.83
2025-10-19,Organic Search,0.0,2183,142,138,5,212.43
2025-10-19,Affiliate,231.98,10942,270,251,5,243.95
2025-10-20,Meta Ads,669.96,39228,623,563,5,187.76
2025-10-20,Google Ads,611.86,18945,631,584,14,773.63
2025-10-20,Email,48.83,11890,759,748,46,2078.59
2025-10-20,Organic Search,0.0,3401,224,206,8,453.15
2025-10-20,Affiliate,170.75,7970,162,147,4,233.99
2025-10-21,Meta Ads,523.6,25029,337,310,4,193.13
2025-10-21,Google Ads,482.76,18566,633,573,14,637.94
2025-10-21,Email,52.29,11198,641,617,37,1713.02
2025-10-21,Organic Search,0.0,3475,248,235,11,488.76
2025-10-21,Affiliate,214.76,8180,212,193,3,194.94
2025-10-22,Meta Ads,692.11,39050,604,540,6,312.23
2025-10-22,Google Ads,443.74,13469,519,480,13,651.85
2025-10-22,Email,50.51,10753,762,732,49,2205.33
2025-10-22,Organic Search,0.0,2774,136,130,5,258.66
2025-10-22,Affiliate,141.4,4989,96,91,2,111.07
2025-10-23,Meta Ads,787.93,41435,641,577,10,439.36
2025-10-23,Google Ads,524.7,20665,921,837,18,1078.72
2025-10-23,Email,67.79,14864,920,879,55,2505.64
2025-10-23,Organic Search,0.0,3484,285,264,11,504.64
2025-10-23,Affiliate,188.04,8826,250,214,6,267.76
2025-10-24,Meta Ads,594.86,28283,447,421,5,250.02
2025-10-24,Google Ads,588.19,17427,647,618,19,830.2
2025-10-24,Email,55.36,13423,707,659,47,2095.74
2025-10-24,Organic Search,0.0,2153,97,90,3,137.52
2025-10-24,Affiliate,195.17,8230,143,123,3,139.9
2025-10-25,Meta Ads,788.62,40908,565,516,7,327.66
2025-10-25,Google Ads,407.72,13129,516,470,11,483.55
2025-10-25,Email,54.55,9936,505,471,29,1253.77
2025-10-25,Organic Search,0.0,3105,200,195,8,380.27
2025-10-25,Affiliate,202.23,11083,225,194,5,273.02
2025-10-26,Meta Ads,670.82,35263,488,459,7,324.35
2025-10-26,Google Ads,526.51,19701,744,670,16,813.75
2025-10-26,Email,79.34,17883,1020,991,59,2561.08
2025-10-26,Organic Search,0.0,2590,191,181,7,398.41
2025-10-26,Affiliate,185.29,7367,140,121,3,163.1
2025-10-27,Meta Ads,822.2,38669,470,438,6,253.86
2025-10-27,Google Ads,548.76,21848,793,718,16,705.07
2025-10-27,Email,56.49,13568,885,833,48,2215.4
2025-10-27,Organic Search,0.0,3232,176,169,7,287.02
2025-10-27,Affiliate,181.75,9002,166,151,4,174.6
2025-10-28,Meta Ads,592.62,37161,625,567,7,337.43
2025-10-28,Google Ads,288.5,9730,360,327,8,396.1
2025-10-28,Email,52.9,10063,517,505,31,1445.14
2025-10-28,Organic Search,0.0,3077,250,245,11,476.87
2025-10-28,Affiliate,279.26,15150,442,390,15,638.05
2025-10-29,Meta Ads,654.92,41211,538,491,7,197.63
2025-10-29,Google Ads,472.57,18198,717,693,17,925.75
2025-10-29,Email,41.78,9377,447,431,27,1328.17
2025-10-29,Organic Search,0.0,2796,207,193,8,387.91
2025-10-29,Affiliate,192.39,7300,175,162,3,198.57
2025-10-30,Meta Ads,855.85,52160,929,846,11,492.22
2025-10-30,Google Ads,512.49,17714,508,488,14,719.84
2025-10-30,Email,40.17,7918,448,439,24,1123.41
2025-10-30,Organic Search,0.0,2445,118,112,4,233.4
2025-10-30,Affiliate,213.26,11195,170,158,4,205.94
2025-10-31,Meta Ads,703.26,41357,470,432,7,355.71
2025-10-31,Google Ads,458.51,12974,454,413,10,429.68
2025-10-31,Email,57.65,10544,722,702,45,2315.61
2025-10-31,Organic Search,0.0,2287,113,106,4,209.01
2025-10-31,Affiliate,127.9,4959,141,131,4,205.64
2025-11-01,Meta Ads,909.99,48353,798,730,8,322.48
2025-11-01,Google Ads,650.74,23067,763,710,25,1290.69
2025-11-01,Email,49.27,12287,828,790,56,2523.21
2025-11-01,Organic Search,0.0,2188,137,130,6,321.4
2025-11-01,Affiliate,183.08,7691,185,163,4,218.39
2025-11-02,Meta Ads,868.21,55712,654,576,7,316.15
2025-11-02,Google Ads,648.16,18684,753,719,24,1261.25
2025-11-02,Email,72.88,15733,782,741,48,1901.65
2025-11-02,Organic Search,0.0,3439,220,208,9,470.81
2025-11-02,Affiliate,178.35,8448,157,139,5,216.09
2025-11-03,Meta Ads,882.74,42678,599,542,7,296.97
2025-11-03,Google Ads,763.45,24951,1036,937,38,1877.56
2025-11-03,Email,60.22,15265,1015,982,61,2870.81
2025-11-03,Organic Search,0.0,2777,216,208,7,354.71
2025-11-03,Affiliate,116.67,4157,86,81,2,112.56
2025-11-04,Meta Ads,561.12,30056,524,497,8,326.98
2025-11-04,Google Ads,622.02,23937,716,669,25,1222.52
2025-11-04,Email,71.57,13559,833,809,50,2357.7
2025-11-04,Organic Search,0.0,2868,231,217,10,532.94
2025-11-04,Affiliate,138.78,5945,152,142,3,203.2
2025-11-05,Meta Ads,842.99,46119,727,671,9,358.33
2025-11-05,Google Ads,636.21,18418,584,563,20,951.01
2025-11-05,Email,64.14,13026,938,904,49,2261.15
2025-11-05,Organic Search,0.0,1721,87,82,3,162.57
2025-11-05,Affiliate,89.24,3596,75,72,2,73.02
2025-11-06,Meta Ads,711.74,45119,735,696,11,484.25
2025-11-06,Google Ads,455.82,12944,539,518,19,822.63
2025-11-06,Email,48.7,9525,600,571,40,1725.53
2025-11-06,Organic Search,0.0,2194,117,110,4,185.98
2025-11-06,Affiliate,292.61,10981,299,275,6,293.03
2025-11-07,Meta Ads,935.17,48827,534,478,6,260.22
2025-11-07,Google Ads,670.94,25388,902,838,29,1393.11
2025-11-07,Email,42.81,8468,533,510,32,1385.82
2025-11-07,Organic Search,0.0,3440,198,189,8,348.96
2025-11-07,Affiliate,219.12,10864,195,175,6,268.04
2025-11-08,Meta Ads,727.36,38037,531,488,7,371.99
2025-11-08,Google Ads,665.16,23155,865,830,25,1324.96
2025-11-08,Email,36.43,7574,536,529,33,1550.3
2025-11-08,Organic Search,0.0,2063,146,135,6,291.05
2025-11-08,Affiliate,229.17,8139,207,186,5,219.48
2025-11-09,Meta Ads,778.48,41811,733,659,8,337.45
2025-11-09,Google Ads,779.1,24043,818,757,30,1289.63
2025-11-09,Email,24.74,5487,406,389,23,1148.18
2025-11-09,Organic Search,0.0,1715,92,88,4,210.41
2025-11-09,Affiliate,232.48,10825,242,215,4,137.97
2025-11-10,Meta Ads,898.42,43504,670,591,9,376.81
2025-11-10,Google Ads,525.84,17800,621,592,21,1047.43
2025-11-10,Email,41.44,8789,654,638,37,1505.41
2025-11-10,Organic Search,0.0,2716,204,197,6,292.11
2025-11-10,Affiliate,205.37,8249,183,159,4,250.08
2025-11-11,Meta Ads,746.03,41017,463,443,7,221.25
2025-11-11,Google Ads,614.13,23410,878,816,25,1025.94
2025-11-11,Email,72.25,15205,745,698,45,1858.63
2025-11-11,Organic Search,0.0,3462,293,285,11,404.73
2025-11-11,Affiliate,87.35,3640,92,78,2,132.77
2025-11-12,Meta Ads,787.04,47720,626,554,7,323.98
2025-11-12,Google Ads,664.82,19540,607,562,18,943.7
2025-11-12,Email,46.32,9433,564,525,34,1755.99
2025-11-12,Organic Search,0.0,2687,171,162,7,320.29
2025-11-12,Affiliate,255.37,10688,273,253,8,329.96
2025-11-13,Meta Ads,758.87,47809,628,574,12,536.68
2025-11-13,Google Ads,591.18,22584,632,601,22,1140.96
2025-11-13,Email,49.44,12350,579,565,38,1816.53
2025-11-13,Organic Search,0.0,2701,126,123,4,242.12
2025-11-13,Affiliate,229.76,12405,370,332,10,310.87
2025-11-14,Meta Ads,849.28,53038,768,700,8,345.97
2025-11-14,Google Ads,610.59,22250,592,540,19,1100.85
2025-11-14,Email,50.27,11671,558,545,29,1174.36
2025-11-14,Organic Search,0.0,2639,120,114,3,174.82
2025-11-14,Affiliate,104.82,5015,92,83,2,124.74
2025-11-15,Meta Ads,846.21,54009,923,837,12,566.18
2025-11-15,Google Ads,540.63,16970,470,445,17,872.42
2025-11-15,Email,51.36,9489,441,426,19,856.23
2025-11-15,Organic Search,0.0,2725,194,189,7,358.49
2025-11-15,Affiliate,123.36,5087,80,68,2,107.44
2025-11-16,Meta Ads,813.32,45986,606,574,7,295.34
2025-11-16,Google Ads,619.13,21102,674,640,24,1283.92
2025-11-16,Email,33.49,7767,490,458,28,1179.47
2025-11-16,Organic Search,0.0,2761,180,176,7,302.88
2025-11-16,Affiliate,203.25,10223,271,254,9,382.82
2025-11-17,Meta Ads,920.33,51973,610,585,8,395.86
2025-11-17,Google Ads,687.52,23082,770,719,28,1203.21
2025-11-17,Email,53.33,13382,930,878,58,2556.59
2025-11-17,Organic Search,0.0,3189,214,200,7,312.38
2025-11-17,Affiliate,237.7,12423,332,304,9,387.88
2025-11-18,Meta Ads,780.83,42382,664,617,7,307.93
2025-11-18,Google Ads,500.93,17909,570,527,22,965.59
2025-11-18,Email,58.08,13878,844,834,51,2239.51
2025-11-18,Organic Search,0.0,2637,140,134,5,248.52
2025-11-18,Affiliate,143.64,7005,192,173,6,243.16
2025-11-19,Meta Ads,920.98,55662,804,725,10,447.29
2025-11-19,Google Ads,576.39,20033,880,836,28,1198.11
2025-11-19,Email,49.96,11161,678,641,33,1506.27
2025-11-19,Organic Search,0.0,2001,154,149,6,287.68
2025-11-19,Affiliate,139.08,5365,127,120,3,141.95
2025-11-20,Meta Ads,784.07,37749,672,604,10,405.48
2025-11-20,Google Ads,700.38,21508,826,749,27,1410.13
2025-11-20,Email,35.66,9199,565,551,40,1610.61
2025-11-20,Organic Search,0.0,3432,203,201,8,348.97
2025-11-20,Affiliate,177.87,8513,192,182,5,237.18
2025-11-21,Meta Ads,904.33,56698,834,740,10,385.14
2025-11-21,Google Ads,542.0,21530,629,597,21,1051.13
2025-11-21,Email,42.58,9638,614,592,39,1528.11
2025-11-21,Organic Search,0.0,1646,113,107,4,226.43
2025-11-21,Affiliate,129.4,6943,196,173,5,232.16
2025-11-22,Meta Ads,748.38,43069,441,406,5,203.47
2025-11-22,Google Ads,655.98,19019,785,721,27,1361.78
2025-11-22,Email,48.63,10673,774,736,51,1972.07
2025-11-22,Organic Search,0.0,2914,141,139,6,332.85
2025-11-22,Affiliate,199.61,9372,179,164,3,180.65
2025-11-23,Meta Ads,762.6,48336,527,491,6,250.89
2025-11-23,Google Ads,674.37,21822,824,772,26,1212.17
2025-11-23,Email,53.15,9809,625,606,37,1813.29
2025-11-23,Organic Search,0.0,3121,149,144,5,242.41
2025-11-23,Affiliate,162.4,8016,126,114,3,124.94
2025-11-24,Meta Ads,1071.32,49785,781,692,11,521.75
2025-11-24,Google Ads,595.46,22775,717,672,23,1170.56
2025-11-24,Email,65.53,12306,890,862,66,2968.39
2025-11-24,Organic Search,0.0,2191,162,155,6,327.31
2025-11-24,Affiliate,219.53,9404,166,157,4,188.1
2025-11-25,Meta Ads,1046.09,54739,960,898,13,688.42
2025-11-25,Google Ads,573.01,19054,480,434,14,770.53
2025-11-25,Email,48.59,11592,851,830,52,2075.9
2025-11-25,Organic Search,0.0,1949,115,114,4,217.82
2025-11-25,Affiliate,96.49,3823,75,69,1,92.05
2025-11-26,Meta Ads,846.61,50358,562,535,8,317.26
2025-11-26,Google Ads,811.45,26894,941,860,27,1219.22
2025-11-26,Email,43.35,8369,545,535,31,1459.33
2025-11-26,Organic Search,0.0,1596,131,124,5,268.02
2025-11-26,Affiliate,174.52,9021,145,134,4,223.9
2025-11-27,Meta Ads,727.45,36792,652,622,9,388.95
2025-11-27,Google Ads,816.49,28648,1117,1037,36,1856.53
2025-11-27,Email,50.81,13040,700,657,43,2127.06
2025-11-27,Organic Search,0.0,3226,157,146,5,229.21
2025-11-27,Affiliate,89.21,3225,74,66,2,91.88
2025-11-28,Meta Ads,780.87,38579,405,360,5,235.15
2025-11-28,Google Ads,841.49,17746,711,686,35,1520.85
2025-11-28,Email,43.5,9236,653,639,41,1598.59
2025-11-28,Organic Search,0.0,2029,98,96,3,210.82
2025-11-28,Affiliate,238.92,10665,219,199,4,244.72
2025-11-29,Meta Ads,804.07,45947,804,727,10,482.54
2025-11-29,Google Ads,674.93,19521,718,647,22,767.33
2025-11-29,Email,62.61,13827,781,753,46,1989.74
2025-11-29,Organic Search,0.0,3085,220,217,9,454.1
2025-11-29,Affiliate,152.27,8045,159,135,2,107.01
2025-11-30,Meta Ads,623.32,29002,346,329,5,264.85
2025-11-30,Google Ads,682.32,22811,812,745,25,1161.61
2025-11-30,Email,66.82,14027,944,919,57,2619.22
2025-11-30,Organic Search,0.0,1715,85,82,3,160.72
2025-11-30,Affiliate,142.48,6459,160,140,4,176.37
2025-12-01,Meta Ads,919.41,48279,566,539,5,203.32
2025-12-01,Google Ads,700.84,20001,576,543,19,883.73
2025-12-01,Email,66.47,14111,655,633,39,1909.79
2025-12-01,Organic Search,0.0,1948,155,150,5,261.44
2025-12-01,Affiliate,185.57,7648,158,144,4,181.35
2025-12-02,Meta Ads,741.44,33760,339,309,4,211.69
2025-12-02,Google Ads,614.56,21144,718,665,25,1332.09
2025-12-02,Email,56.3,13710,709,689,48,2382.66
2025-12-02,Organic Search,0.0,1517,78,74,3,176.75
2025-12-02,Affiliate,250.47,9829,174,159,3,157.6
2025-12-03,Meta Ads,755.27,39875,519,458,6,296.06
2025-12-03,Google Ads,432.15,12921,350,317,12,691.12
2025-12-03,Email,57.03,12547,622,597,36,1529.52
2025-12-03,Organic Search,0.0,1616,100,92,3,163.36
2025-12-03,Affiliate,207.78,10000,187,163,3,178.45
2025-12-04,Meta Ads,681.24,33043,423,381,6,269.46
2025-12-04,Google Ads,830.15,30698,1242,1121,39,2149.21
2025-12-04,Email,54.53,9861,709,682,42,1888.49
2025-12-04,Organic Search,0.0,3093,224,221,10,426.24
2025-12-04,Affiliate,86.53,3896,93,86,2,103.23
2025-12-05,Meta Ads,870.48,54126,587,547,7,324.84
2025-12-05,Google Ads,741.56,23481,852,791,23,1112.52
2025-12-05,Email,69.24,15422,969,903,71,3032.97
2025-12-05,Organic Search,0.0,2829,131,127,5,282.38
2025-12-05,Affiliate,150.81,6784,122,114,3,164.45
2025-12-06,Meta Ads,837.04,50514,790,752,8,372.5
2025-12-06,Google Ads,551.19,17474,449,430,13,634.67
2025-12-06,Email,60.52,10914,816,799,42,1956.46
2025-12-06,Organic Search,0.0,2453,183,170,8,327.6
2025-12-06,Affiliate,308.48,13576,232,220,6,275.02
2025-12-07,Meta Ads,670.95,38517,440,406,6,324.36
2025-12-07,Google Ads,740.11,23713,897,814,31,1267.61
2025-12-07,Email,45.36,8621,460,428,31,1467.15
2025-12-07,Organic Search,0.0,2715,226,221,8,454.73
2025-12-07,Affiliate,291.22,11891,240,213,5,297.19
2025-12-08,Meta Ads,888.21,45464,514,468,7,243.42
2025-12-08,Google Ads,740.44,22533,579,534,19,938.79
2025-12-08,Email,41.23,8019,437,425,27,1187.26
2025-12-08,Organic Search,0.0,1823,150,139,5,278.83
2025-12-08,Affiliate,190.85,9447,165,145,4,157.11
2025-12-09,Meta Ads,644.18,30652,533,476,6,301.59
2025-12-09,Google Ads,550.35,20371,805,730,22,1117.05
2025-12-09,Email,37.37,8289,506,471,25,1091.04
2025-12-09,Organic Search,0.0,2164,138,133,5,281.65
2025-12-09,Affiliate,213.14,7465,114,105,2,100.72
2025-12-10,Meta Ads,728.94,33003,432,406,4,194.44
2025-12-10,Google Ads,536.1,20239,534,502,17,827.61
2025-12-10,Email,49.84,9850,474,456,29,1363.71
2025-12-10,Organic Search,0.0,3100,160,156,6,297.77
2025-12-10,Affiliate,221.09,10894,247,216,6,284.07
2025-12-11,Meta Ads,776.6,47516,740,700,9,335.23
2025-12-11,Google Ads,686.51,20074,562,530,16,788.7
2025-12-11,Email,61.17,15760,775,731,53,2405.06
2025-12-11,Organic Search,0.0,3373,260,251,11,495.73
2025-12-11,Affiliate,225.4,11768,239,212,5,270.63
2025-12-12,Meta Ads,990.2,44767,603,576,8,312.55
2025-12-12,Google Ads,604.2,17453,514,466,16,839.16
2025-12-12,Email,47.5,8591,631,592,38,1668.74
2025-12-12,Organic Search,0.0,1713,110,107,4,233.47
2025-12-12,Affiliate,199.86,9718,198,169,4,246.4
2025-12-13,Meta Ads,693.93,33138,468,447,6,287.58
2025-12-13,Google Ads,684.63,24722,853,821,28,1637.68
2025-12-13,Email,77.61,16082,959,937,65,3046.15
2025-12-13,Organic Search,0.0,1792,120,114,4,193.8
2025-12-13,Affiliate,215.46,11446,313,294,8,380.78
2025-12-14,Meta Ads,875.79,54954,632,568,7,262.02
2025-12-14,Google Ads,568.22,17738,677,651,22,1235.43
2025-12-14,Email,49.58,9102,433,418,29,1062.38
2025-12-14,Organic Search,0.0,1938,160,149,5,225.97
2025-12-14,Affiliate,180.4,9636,158,145,4,175.14
2025-12-15,Meta Ads,852.04,51453,687,632,10,489.11
2025-12-15,Google Ads,636.54,19393,584,541,19,869.09
2025-12-15,Email,54.75,12330,815,785,46,2046.02
2025-12-15,Organic Search,0.0,1618,118,115,4,243.55
2025-12-15,Affiliate,255.52,12722,329,304,9,394.67
2025-12-16,Meta Ads,950.81,52819,850,771,10,454.42
2025-12-16,Google Ads,721.93,23328,770,709,25,1435.31
2025-12-16,Email,36.09,7401,507,473,30,1366.11
2025-12-16,Organic Search,0.0,3361,257,254,10,540.16
2025-12-16,Affiliate,115.87,4765,134,120,3,140.31
2025-12-17,Meta Ads,917.37,59012,621,559,7,313.49
2025-12-17,Google Ads,675.65,21281,868,795,27,1082.65
2025-12-17,Email,42.39,8831,447,419,30,1479.08
2025-12-17,Organic Search,0.0,1592,134,129,4,231.38
2025-12-17,Affiliate,78.88,3075,54,51,1,52.64
2025-12-18,Meta Ads,804.03,41089,658,624,7,281.87
2025-12-18,Google Ads,681.39,25125,841,791,23,1178.86
2025-12-18,Email,44.23,9903,703,680,44,2289.96
2025-12-18,Organic Search,0.0,2906,146,134,4,195.72
2025-12-18,Affiliate,41.9,2063,57,50,1,51.8
2025-12-19,Meta Ads,785.26,48015,682,612,6,309.01
2025-12-19,Google Ads,644.39,19867,573,530,19,936.51
2025-12-19,Email,48.96,10989,497,467,29,1562.66
2025-12-19,Organic Search,0.0,3359,192,187,7,301.21
2025-12-19,Affiliate,196.2,10603,221,206,5,262.25
2025-12-20,Meta Ads,1012.36,62330,754,694,8,336.35
2025-12-20,Google Ads,715.93,25890,898,850,28,1308.31
2025-12-20,Email,45.38,10635,503,474,29,1342.93
2025-12-20,Organic Search,0.0,2496,210,197,8,404.73
2025-12-20,Affiliate,117.05,5796,154,139,3,177.08
2025-12-21,Meta Ads,827.33,48511,723,637,8,358.0
2025-12-21,Google Ads,602.3,21456,794,723,27,1212.74
2025-12-21,Email,67.24,15203,943,913,65,3110.87
2025-12-21,Organic Search,0.0,2293,185,181,6,300.23
2025-12-21,Affiliate,177.07,8268,150,130,3,130.68
2025-12-22,Meta Ads,762.57,38387,539,475,6,277.44
2025-12-22,Google Ads,614.24,24316,837,758,27,1237.7
2025-12-22,Email,60.03,11706,675,639,45,2053.67
2025-12-22,Organic Search,0.0,1722,131,125,4,212.43
2025-12-22,Affiliate,179.5,7297,163,143,4,175.89
2025-12-23,Meta Ads,852.5,45540,566,515,6,237.22
2025-12-23,Google Ads,732.94,20838,874,792,26,1257.81
2025-12-23,Email,74.69,18793,1291,1216,67,2919.72
2025-12-23,Organic Search,0.0,2554,132,125,5,204.65
2025-12-23,Affiliate,205.31,7252,185,162,3,168.93
2025-12-24,Meta Ads,775.5,42155,507,456,4,212.25
2025-12-24,Google Ads,760.65,24928,656,613,22,1000.9
2025-12-24,Email,57.34,14790,688,673,41,1817.78
2025-12-24,Organic Search,0.0,2770,138,128,4,193.25
2025-12-24,Affiliate,175.63,7727,226,202,5,297.12
2025-12-25,Meta Ads,895.9,52786,806,759,13,620.47
2025-12-25,Google Ads,590.04,20886,845,806,25,1296.58
2025-12-25,Email,51.77,12558,772,754,51,2205.85
2025-12-25,Organic Search,0.0,3338,173,160,6,336.84
2025-12-25,Affiliate,278.09,14774,387,330,10,471.29
2025-12-26,Meta Ads,727.04,46707,710,631,9,428.07
2025-12-26,Google Ads,689.54,22158,871,794,30,1633.69
2025-12-26,Email,51.86,11486,846,834,48,2018.81
2025-12-26,Organic Search,0.0,3045,166,163,5,260.3
2025-12-26,Affiliate,160.32,7319,211,184,3,184.71
2025-12-27,Meta Ads,790.47,50110,659,583,7,271.44
2025-12-27,Google Ads,750.18,25673,1057,965,35,1620.1
2025-12-27,Email,64.98,16018,876,864,62,2703.08
2025-12-27,Organic Search,0.0,2346,143,139,6,277.99
2025-12-27,Affiliate,226.07,9094,148,137,4,183.95
2025-12-28,Meta Ads,681.2,36528,565,524,5,243.22
2025-12-28,Google Ads,594.0,17082,703,663,24,1074.56
2025-12-28,Email,33.06,6552,387,362,23,857.43
2025-12-28,Organic Search,0.0,3020,241,235,10,570.37
2025-12-28,Affiliate,75.81,4069,118,110,2,133.04
2025-12-29,Meta Ads,808.92,38697,567,516,7,298.76
2025-12-29,Google Ads,540.36,20172,700,652,24,1045.47
2025-12-29,Email,65.94,15470,806,752,57,2870.57
2025-12-29,Organic Search,0.0,1829,104,103,4,203.37
2025-12-29,Affiliate,223.43,12149,344,312,7,368.69
2025-12-30,Meta Ads,759.35,46109,821,764,11,426.14
2025-12-30,Google Ads,564.81,17612,521,496,17,953.7
2025-12-30,Email,56.71,11730,622,604,39,1837.98
2025-12-30,Organic Search,0.0,2456,123,119,4,187.91
2025-12-30,Affiliate,51.42,2440,47,40,0,46.45
2025-12-31,Meta Ads,704.77,42929,529,498,7,355.27
2025-12-31,Google Ads,733.6,27144,731,680,21,938.24
2025-12-31,Email,45.32,11234,740,712,48,2406.24
2025-12-31,Organic Search,0.0,2460,207,203,8,373.83
2025-12-31,Affiliate,222.12,11223,187,167,5,246.9
